-- --------------------------------------------------------
-- 호스트:                          127.0.0.1
-- 서버 버전:                        10.4.6-MariaDB - mariadb.org binary distribution
-- 서버 OS:                        Win64
-- HeidiSQL 버전:                  9.5.0.5196
-- --------------------------------------------------------

/*!40101 SET @OLD_CHARACTER_SET_CLIENT=@@CHARACTER_SET_CLIENT */;
/*!40101 SET NAMES utf8 */;
/*!50503 SET NAMES utf8mb4 */;
/*!40014 SET @OLD_FOREIGN_KEY_CHECKS=@@FOREIGN_KEY_CHECKS, FOREIGN_KEY_CHECKS=0 */;
/*!40101 SET @OLD_SQL_MODE=@@SQL_MODE, SQL_MODE='NO_AUTO_VALUE_ON_ZERO' */;


-- bowling 데이터베이스 구조 내보내기
CREATE DATABASE IF NOT EXISTS `bowling` /*!40100 DEFAULT CHARACTER SET utf8 */;
USE `bowling`;

-- 테이블 bowling.admin 구조 내보내기
CREATE TABLE IF NOT EXISTS `admin` (
  `admin_id` varchar(50) NOT NULL,
  `admin_pw` varchar(50) NOT NULL,
  PRIMARY KEY (`admin_id`)
) ENGINE=InnoDB DEFAULT CHARSET=utf8;

-- 테이블 데이터 bowling.admin:~0 rows (대략적) 내보내기
DELETE FROM `admin`;
/*!40000 ALTER TABLE `admin` DISABLE KEYS */;
INSERT INTO `admin` (`admin_id`, `admin_pw`) VALUES
	('admin', '1234');
/*!40000 ALTER TABLE `admin` ENABLE KEYS */;

-- 테이블 bowling.ball 구조 내보내기
CREATE TABLE IF NOT EXISTS `ball` (
  `pound` int(11) NOT NULL,
  PRIMARY KEY (`pound`)
) ENGINE=InnoDB DEFAULT CHARSET=utf8;

-- 테이블 데이터 bowling.ball:~13 rows (대략적) 내보내기
DELETE FROM `ball`;
/*!40000 ALTER TABLE `ball` DISABLE KEYS */;
INSERT INTO `ball` (`pound`) VALUES
	(4),
	(5),
	(6),
	(7),
	(8),
	(9),
	(10),
	(11),
	(12),
	(13),
	(14),
	(15),
	(16);
/*!40000 ALTER TABLE `ball` ENABLE KEYS */;

-- 테이블 bowling.board 구조 내보내기
CREATE TABLE IF NOT EXISTS `board` (
  `board_no` int(11) NOT NULL AUTO_INCREMENT,
  `board_title` varchar(50) DEFAULT NULL,
  `board_pw` varchar(500) NOT NULL,
  `board_first_date` timestamp NULL DEFAULT NULL,
  `board_last_date` timestamp NULL DEFAULT NULL,
  `board_user` varchar(50) DEFAULT NULL,
  `board_content` text DEFAULT NULL,
  PRIMARY KEY (`board_no`)
) ENGINE=InnoDB AUTO_INCREMENT=11 DEFAULT CHARSET=utf8;

-- 테이블 데이터 bowling.board:~1 rows (대략적) 내보내기
DELETE FROM `board`;
/*!40000 ALTER TABLE `board` DISABLE KEYS */;
INSERT INTO `board` (`board_no`, `board_title`, `board_pw`, `board_first_date`, `board_last_date`, `board_user`, `board_content`) VALUES
	(1, '김시공', '1234', '2019-12-18 17:28:51', '2019-12-18 18:17:05', '우서', '시공조아요~~');
/*!40000 ALTER TABLE `board` ENABLE KEYS */;

-- 테이블 bowling.captain 구조 내보내기
CREATE TABLE IF NOT EXISTS `captain` (
  `team_name` varchar(50) NOT NULL,
  `player_no` int(11) NOT NULL,
  `captain_from_date` date NOT NULL,
  `captain_to_date` date NOT NULL,
  KEY `FK_captain_player` (`player_no`),
  KEY `team_name` (`team_name`),
  CONSTRAINT `FK_captain_team_player_contract` FOREIGN KEY (`team_name`) REFERENCES `team_player_contract` (`team_name`),
  CONSTRAINT `FK_captain_team_player_contract_2` FOREIGN KEY (`player_no`) REFERENCES `team_player_contract` (`player_no`)
) ENGINE=InnoDB DEFAULT CHARSET=utf8;

-- 테이블 데이터 bowling.captain:~19 rows (대략적) 내보내기
DELETE FROM `captain`;
/*!40000 ALTER TABLE `captain` DISABLE KEYS */;
INSERT INTO `captain` (`team_name`, `player_no`, `captain_from_date`, `captain_to_date`) VALUES
	('대한민국', 1, '2005-01-01', '9999-01-01'),
	('마카오', 6, '2016-01-01', '9999-01-01'),
	('말레이시아', 14, '2015-01-01', '9999-01-01'),
	('몽골', 16, '2005-01-01', '9999-01-01'),
	('바레인', 25, '2015-01-01', '9999-01-01'),
	('베트남', 28, '2003-01-01', '9999-01-01'),
	('사우디아라비아', 35, '2015-01-01', '9999-01-01'),
	('싱가포르', 40, '2015-01-01', '9999-01-01'),
	('아랍에미리트', 44, '2005-01-01', '9999-01-01'),
	('인도', 47, '2018-01-01', '9999-01-01'),
	('인도네시아', 51, '2003-01-01', '9999-01-01'),
	('일본', 151, '2011-01-01', '9999-01-01'),
	('중국', 158, '2017-01-01', '9999-01-01'),
	('중화 타이베이', 165, '2010-01-01', '9999-01-01'),
	('카자흐스탄', 169, '2018-01-01', '9999-01-01'),
	('카타르', 173, '2019-01-01', '9999-01-01'),
	('태국', 180, '2005-01-01', '9999-01-01'),
	('필리핀', 89, '2005-01-01', '9999-01-01'),
	('홍콩', 91, '2012-01-01', '9999-01-01');
/*!40000 ALTER TABLE `captain` ENABLE KEYS */;

-- 테이블 bowling.comment 구조 내보내기
CREATE TABLE IF NOT EXISTS `comment` (
  `comment_no` int(11) NOT NULL AUTO_INCREMENT,
  `board_no` int(11) NOT NULL,
  `comment_user` varchar(50) NOT NULL,
  `comment_pw` varchar(500) NOT NULL,
  `comment_title` int(11) DEFAULT NULL,
  `comment_content` varchar(500) DEFAULT NULL,
  PRIMARY KEY (`comment_no`),
  KEY `FK_board_modify_board` (`board_no`),
  CONSTRAINT `FK_comment_board` FOREIGN KEY (`board_no`) REFERENCES `board` (`board_no`)
) ENGINE=InnoDB AUTO_INCREMENT=5 DEFAULT CHARSET=utf8;

-- 테이블 데이터 bowling.comment:~0 rows (대략적) 내보내기
DELETE FROM `comment`;
/*!40000 ALTER TABLE `comment` DISABLE KEYS */;
/*!40000 ALTER TABLE `comment` ENABLE KEYS */;

-- 테이블 bowling.country 구조 내보내기
CREATE TABLE IF NOT EXISTS `country` (
  `country_name` varchar(50) NOT NULL,
  PRIMARY KEY (`country_name`)
) ENGINE=InnoDB DEFAULT CHARSET=utf8;

-- 테이블 데이터 bowling.country:~19 rows (대략적) 내보내기
DELETE FROM `country`;
/*!40000 ALTER TABLE `country` DISABLE KEYS */;
INSERT INTO `country` (`country_name`) VALUES
	('대한민국'),
	('마카오'),
	('말레이시아'),
	('몽골'),
	('바레인'),
	('베트남'),
	('사우디아라비아'),
	('싱가포르'),
	('아랍에미리트'),
	('인도'),
	('인도네시아'),
	('일본'),
	('중국'),
	('중화 타이베이'),
	('카자흐스탄'),
	('카타르'),
	('태국'),
	('필리핀'),
	('홍콩');
/*!40000 ALTER TABLE `country` ENABLE KEYS */;

-- 테이블 bowling.game 구조 내보내기
CREATE TABLE IF NOT EXISTS `game` (
  `game_no` int(11) NOT NULL AUTO_INCREMENT,
  `hteam_name` varchar(50) NOT NULL,
  `stadium_name` varchar(50) NOT NULL,
  `ateam_name` varchar(50) NOT NULL,
  `game_date` date NOT NULL,
  `hplayer_no` int(11) NOT NULL,
  `aplayer_no` int(11) NOT NULL,
  PRIMARY KEY (`game_no`),
  KEY `FK_game_stadium` (`stadium_name`),
  KEY `FK_game_team` (`hteam_name`),
  KEY `FK_game_team_2` (`ateam_name`),
  KEY `FK_game_team_player_contract` (`hplayer_no`),
  KEY `FK_game_team_player_contract_2` (`aplayer_no`),
  CONSTRAINT `FK_game_stadium` FOREIGN KEY (`stadium_name`) REFERENCES `team` (`stadium_name`),
  CONSTRAINT `FK_game_team` FOREIGN KEY (`hteam_name`) REFERENCES `team_player_contract` (`team_name`),
  CONSTRAINT `FK_game_team_2` FOREIGN KEY (`ateam_name`) REFERENCES `team_player_contract` (`team_name`),
  CONSTRAINT `FK_game_team_player_contract` FOREIGN KEY (`hplayer_no`) REFERENCES `team_player_contract` (`player_no`),
  CONSTRAINT `FK_game_team_player_contract_2` FOREIGN KEY (`aplayer_no`) REFERENCES `team_player_contract` (`player_no`)
) ENGINE=InnoDB AUTO_INCREMENT=183 DEFAULT CHARSET=utf8;

-- 테이블 데이터 bowling.game:~26 rows (대략적) 내보내기
DELETE FROM `game`;
/*!40000 ALTER TABLE `game` DISABLE KEYS */;
INSERT INTO `game` (`game_no`, `hteam_name`, `stadium_name`, `ateam_name`, `game_date`, `hplayer_no`, `aplayer_no`) VALUES
	(157, '대한민국', '서울 볼링장', '마카오', '2019-12-10', 1, 6),
	(158, '대한민국', '서울 볼링장', '마카오', '2019-12-10', 1, 6),
	(159, '대한민국', '서울 볼링장', '마카오', '2019-12-10', 1, 6),
	(160, '대한민국', '서울 볼링장', '마카오', '2015-12-10', 1, 6),
	(161, '대한민국', '서울 볼링장', '마카오', '2016-12-10', 1, 6),
	(162, '대한민국', '서울 볼링장', '마카오', '2018-12-10', 1, 6),
	(163, '대한민국', '서울 볼링장', '마카오', '2019-12-10', 1, 6),
	(164, '대한민국', '서울 볼링장', '마카오', '2019-12-10', 1, 6),
	(165, '대한민국', '서울 볼링장', '마카오', '2019-12-10', 1, 6),
	(166, '대한민국', '서울 볼링장', '마카오', '2019-12-10', 1, 6),
	(167, '대한민국', '서울 볼링장', '마카오', '2019-12-10', 1, 6),
	(168, '대한민국', '서울 볼링장', '마카오', '2019-12-10', 1, 6),
	(169, '마카오', '마카오 볼링장', '대한민국', '2019-12-10', 7, 1),
	(170, '말레이시아', '쿠알라룸푸르 볼링장', '마카오', '2019-12-10', 12, 8),
	(171, '몽골', '울란바토르 볼링장', '바레인', '2019-12-10', 19, 24),
	(172, '싱가포르', '싱가포르 볼링장', '마카오', '2019-12-10', 40, 8),
	(173, '바레인', '마나마 볼링장', '베트남', '2019-12-10', 23, 28),
	(174, '바레인', '마나마 볼링장', '말레이시아', '2019-12-10', 25, 14),
	(175, '몽골', '울란바토르 볼링장', '바레인', '2019-12-10', 19, 23),
	(176, '대한민국', '서울 볼링장', '말레이시아', '2019-12-10', 2, 12),
	(177, '마카오', '마카오 볼링장', '대한민국', '2019-12-11', 6, 1),
	(178, '대한민국', '서울 볼링장', '말레이시아', '2019-12-11', 1, 12),
	(179, '아랍에미리트', '아부다비 볼링장', '카자흐스탄', '2019-12-11', 43, 72),
	(180, '대한민국', '서울 볼링장', '마카오', '2019-12-13', 1, 6),
	(181, '대한민국', '서울 볼링장', '마카오', '2019-12-17', 100, 104),
	(182, '대한민국', '서울 볼링장', '인도네시아', '2019-12-18', 99, 52);
/*!40000 ALTER TABLE `game` ENABLE KEYS */;

-- 테이블 bowling.game_player 구조 내보내기
CREATE TABLE IF NOT EXISTS `game_player` (
  `game_no` int(11) NOT NULL,
  `player_no` int(11) NOT NULL,
  `frame` int(11) NOT NULL,
  `turn` int(11) NOT NULL,
  `pin1` int(11) NOT NULL,
  `pin2` int(11) NOT NULL,
  `pin3` int(11) NOT NULL,
  `pin4` int(11) NOT NULL,
  `pin5` int(11) NOT NULL,
  `pin6` int(11) NOT NULL,
  `pin7` int(11) NOT NULL,
  `pin8` int(11) NOT NULL,
  `pin9` int(11) NOT NULL,
  `pin10` int(11) NOT NULL,
  KEY `FK_game_player_player` (`player_no`),
  KEY `FK_game_player_game` (`game_no`),
  CONSTRAINT `FK_game_player_game` FOREIGN KEY (`game_no`) REFERENCES `game` (`game_no`),
  CONSTRAINT `FK_game_player_player` FOREIGN KEY (`player_no`) REFERENCES `team_player_contract` (`player_no`)
) ENGINE=InnoDB DEFAULT CHARSET=utf8;

-- 테이블 데이터 bowling.game_player:~479 rows (대략적) 내보내기
DELETE FROM `game_player`;
/*!40000 ALTER TABLE `game_player` DISABLE KEYS */;
INSERT INTO `game_player` (`game_no`, `player_no`, `frame`, `turn`, `pin1`, `pin2`, `pin3`, `pin4`, `pin5`, `pin6`, `pin7`, `pin8`, `pin9`, `pin10`) VALUES
	(157, 1, 1, 1, 1, 1, 1, 1, 1, 1, 1, 1, 1, 1),
	(157, 6, 1, 1, 1, 1, 1, 1, 1, 1, 1, 1, 1, 1),
	(157, 1, 2, 1, 1, 1, 1, 1, 1, 1, 1, 1, 1, 1),
	(157, 6, 2, 1, 1, 1, 1, 1, 1, 1, 1, 1, 1, 1),
	(157, 1, 3, 1, 1, 1, 1, 1, 1, 1, 1, 1, 1, 1),
	(157, 6, 3, 1, 1, 1, 1, 1, 0, 1, 1, 1, 1, 1),
	(157, 6, 3, 2, 0, 0, 0, 0, 0, 0, 0, 0, 0, 0),
	(157, 1, 4, 1, 0, 0, 0, 0, 0, 0, 0, 0, 0, 0),
	(157, 1, 4, 2, 0, 0, 0, 0, 0, 0, 0, 0, 0, 0),
	(157, 6, 4, 1, 0, 0, 0, 0, 0, 0, 0, 0, 0, 0),
	(157, 6, 4, 2, 0, 0, 0, 0, 0, 0, 0, 0, 0, 0),
	(157, 1, 5, 1, 0, 0, 0, 0, 0, 0, 0, 0, 0, 0),
	(157, 1, 5, 2, 0, 0, 0, 0, 0, 0, 0, 0, 0, 0),
	(157, 6, 5, 1, 0, 0, 0, 0, 0, 0, 0, 0, 0, 0),
	(157, 6, 5, 2, 0, 0, 0, 0, 0, 0, 0, 0, 0, 0),
	(157, 1, 6, 1, 0, 0, 0, 0, 0, 0, 0, 0, 0, 0),
	(157, 1, 6, 2, 0, 0, 0, 0, 0, 0, 0, 0, 0, 0),
	(157, 6, 6, 1, 0, 0, 0, 0, 0, 0, 0, 0, 0, 0),
	(157, 6, 6, 2, 0, 0, 0, 0, 0, 0, 0, 0, 0, 0),
	(157, 1, 7, 1, 0, 0, 0, 0, 0, 0, 0, 0, 0, 0),
	(157, 1, 7, 2, 0, 0, 0, 0, 0, 0, 0, 0, 0, 0),
	(157, 6, 7, 1, 0, 0, 0, 0, 0, 0, 0, 0, 0, 0),
	(157, 6, 7, 2, 0, 0, 0, 0, 0, 0, 0, 0, 0, 0),
	(157, 1, 8, 1, 0, 0, 0, 0, 0, 0, 0, 0, 0, 0),
	(157, 1, 8, 2, 0, 0, 0, 0, 0, 0, 0, 0, 0, 0),
	(157, 6, 8, 1, 0, 0, 0, 0, 0, 0, 0, 0, 0, 0),
	(157, 6, 8, 2, 0, 0, 0, 0, 0, 0, 0, 0, 0, 0),
	(157, 1, 9, 1, 0, 0, 0, 0, 0, 0, 0, 0, 0, 0),
	(157, 1, 9, 2, 0, 0, 0, 0, 0, 0, 0, 0, 0, 0),
	(157, 6, 9, 1, 0, 0, 0, 0, 0, 0, 0, 0, 0, 0),
	(157, 6, 9, 2, 0, 0, 0, 0, 0, 0, 0, 0, 0, 0),
	(157, 1, 10, 1, 1, 1, 1, 1, 1, 1, 1, 1, 1, 1),
	(157, 1, 10, 2, 1, 1, 1, 0, 0, 0, 0, 0, 0, 0),
	(157, 1, 10, 3, 0, 0, 0, 1, 1, 1, 1, 1, 1, 1),
	(157, 6, 10, 1, 0, 0, 0, 0, 0, 0, 0, 0, 0, 0),
	(157, 6, 10, 2, 0, 0, 0, 0, 0, 0, 0, 0, 0, 0),
	(158, 1, 1, 1, 0, 0, 0, 0, 0, 0, 0, 0, 0, 0),
	(158, 1, 1, 2, 0, 0, 0, 0, 0, 0, 0, 0, 0, 0),
	(158, 6, 1, 1, 0, 0, 0, 0, 0, 0, 0, 0, 0, 0),
	(158, 6, 1, 2, 0, 0, 0, 0, 0, 0, 0, 0, 0, 0),
	(158, 1, 2, 1, 0, 0, 0, 0, 0, 0, 0, 0, 0, 0),
	(158, 1, 2, 2, 0, 0, 0, 0, 0, 0, 0, 0, 0, 0),
	(158, 6, 2, 1, 0, 0, 0, 0, 0, 0, 0, 0, 0, 0),
	(158, 6, 2, 2, 0, 0, 0, 0, 0, 0, 0, 0, 0, 0),
	(158, 1, 3, 1, 1, 1, 1, 1, 1, 1, 1, 1, 1, 1),
	(158, 6, 3, 1, 1, 1, 1, 1, 1, 1, 1, 1, 1, 1),
	(158, 1, 4, 1, 0, 0, 0, 0, 0, 0, 0, 0, 0, 0),
	(158, 1, 4, 2, 0, 0, 0, 0, 0, 0, 0, 0, 0, 0),
	(158, 6, 4, 1, 0, 0, 0, 0, 0, 0, 0, 0, 0, 0),
	(158, 6, 4, 2, 0, 0, 0, 0, 0, 0, 0, 0, 0, 0),
	(158, 1, 5, 1, 0, 0, 0, 1, 0, 0, 0, 0, 0, 0),
	(158, 1, 5, 2, 1, 1, 1, 0, 1, 1, 1, 1, 1, 1),
	(158, 6, 5, 1, 0, 0, 0, 0, 0, 0, 0, 0, 0, 0),
	(158, 6, 5, 2, 0, 0, 0, 0, 0, 0, 0, 0, 0, 0),
	(158, 1, 6, 1, 0, 0, 0, 0, 0, 0, 0, 0, 0, 0),
	(158, 1, 6, 2, 0, 0, 0, 0, 0, 0, 0, 0, 0, 0),
	(158, 6, 6, 1, 0, 0, 0, 0, 0, 0, 0, 0, 0, 0),
	(158, 6, 6, 2, 0, 0, 0, 0, 0, 0, 0, 0, 0, 0),
	(158, 1, 7, 1, 0, 0, 0, 0, 0, 0, 0, 0, 0, 0),
	(158, 1, 7, 2, 0, 0, 0, 0, 0, 0, 0, 0, 0, 0),
	(158, 6, 7, 1, 0, 0, 0, 0, 0, 0, 0, 0, 0, 0),
	(158, 6, 7, 2, 0, 0, 0, 0, 0, 0, 0, 0, 0, 0),
	(158, 1, 8, 1, 0, 0, 0, 0, 0, 0, 0, 0, 0, 0),
	(158, 1, 8, 2, 0, 0, 0, 0, 0, 0, 0, 0, 0, 0),
	(158, 6, 8, 1, 0, 0, 0, 0, 0, 0, 0, 0, 0, 0),
	(158, 6, 8, 2, 0, 0, 0, 0, 0, 0, 0, 0, 0, 0),
	(158, 1, 9, 1, 0, 0, 0, 0, 0, 0, 0, 0, 0, 0),
	(158, 1, 9, 2, 0, 0, 0, 0, 0, 0, 0, 0, 0, 0),
	(158, 6, 9, 1, 0, 0, 0, 0, 0, 0, 0, 0, 0, 0),
	(158, 6, 9, 2, 0, 0, 0, 0, 0, 0, 0, 0, 0, 0),
	(158, 1, 10, 1, 1, 1, 1, 0, 0, 0, 0, 0, 0, 0),
	(158, 1, 10, 2, 0, 0, 0, 1, 0, 0, 0, 0, 0, 0),
	(158, 6, 10, 1, 1, 1, 1, 1, 1, 1, 1, 1, 1, 1),
	(158, 6, 10, 2, 1, 1, 1, 1, 1, 1, 1, 1, 1, 1),
	(158, 6, 10, 3, 1, 1, 1, 1, 1, 1, 1, 1, 1, 1),
	(159, 1, 1, 1, 0, 0, 0, 0, 0, 0, 0, 0, 0, 0),
	(159, 1, 1, 2, 0, 0, 0, 0, 0, 0, 0, 0, 0, 0),
	(159, 6, 1, 1, 0, 0, 0, 0, 0, 0, 0, 0, 0, 0),
	(159, 6, 1, 2, 0, 0, 0, 0, 0, 0, 0, 0, 0, 0),
	(159, 1, 2, 1, 0, 0, 0, 0, 0, 0, 0, 0, 0, 0),
	(159, 1, 2, 2, 0, 0, 0, 0, 0, 0, 0, 0, 0, 0),
	(159, 6, 2, 1, 0, 0, 0, 0, 0, 0, 0, 0, 0, 0),
	(159, 6, 2, 2, 0, 0, 0, 0, 0, 0, 0, 0, 0, 0),
	(159, 1, 3, 1, 0, 0, 0, 0, 0, 0, 0, 0, 0, 0),
	(159, 1, 3, 2, 0, 0, 0, 0, 0, 0, 0, 0, 0, 0),
	(159, 6, 3, 1, 0, 0, 0, 0, 0, 0, 0, 0, 0, 0),
	(159, 6, 3, 2, 0, 0, 0, 0, 0, 0, 0, 0, 0, 0),
	(159, 1, 4, 1, 0, 0, 0, 0, 0, 0, 0, 0, 0, 0),
	(159, 1, 4, 2, 0, 0, 0, 0, 0, 0, 0, 0, 0, 0),
	(159, 6, 4, 1, 0, 0, 0, 0, 0, 0, 0, 0, 0, 0),
	(159, 6, 4, 2, 0, 0, 0, 0, 0, 0, 0, 0, 0, 0),
	(159, 1, 5, 1, 1, 0, 0, 0, 0, 0, 0, 0, 0, 0),
	(159, 1, 5, 2, 0, 1, 1, 0, 0, 0, 0, 0, 0, 0),
	(159, 6, 5, 1, 0, 0, 0, 0, 0, 0, 0, 0, 0, 0),
	(159, 6, 5, 2, 0, 0, 0, 0, 0, 0, 0, 0, 0, 0),
	(159, 1, 6, 1, 0, 0, 0, 0, 0, 0, 0, 0, 0, 0),
	(159, 1, 6, 2, 0, 0, 0, 0, 0, 0, 0, 0, 0, 0),
	(159, 6, 6, 1, 0, 0, 0, 0, 0, 0, 0, 0, 0, 0),
	(159, 6, 6, 2, 0, 0, 0, 0, 0, 0, 0, 0, 0, 0),
	(159, 1, 7, 1, 0, 0, 0, 0, 0, 0, 0, 0, 0, 0),
	(159, 1, 7, 2, 0, 0, 0, 0, 0, 0, 0, 0, 0, 0),
	(159, 6, 7, 1, 0, 0, 0, 0, 0, 0, 0, 0, 0, 0),
	(159, 6, 7, 2, 0, 0, 0, 0, 0, 0, 0, 0, 0, 0),
	(159, 1, 8, 1, 0, 0, 0, 0, 0, 0, 0, 0, 0, 0),
	(159, 1, 8, 2, 0, 0, 0, 0, 0, 0, 0, 0, 0, 0),
	(159, 6, 8, 1, 0, 0, 0, 0, 0, 0, 0, 0, 0, 0),
	(159, 6, 8, 2, 0, 0, 0, 0, 0, 0, 0, 0, 0, 0),
	(159, 1, 9, 1, 0, 0, 0, 0, 0, 0, 0, 0, 0, 0),
	(159, 1, 9, 2, 0, 0, 0, 0, 0, 0, 0, 0, 0, 0),
	(159, 6, 9, 1, 0, 0, 0, 0, 0, 0, 0, 0, 0, 0),
	(159, 6, 9, 2, 0, 0, 0, 0, 0, 0, 0, 0, 0, 0),
	(159, 1, 10, 1, 0, 0, 0, 0, 0, 0, 0, 0, 0, 0),
	(159, 1, 10, 2, 0, 0, 0, 0, 0, 0, 0, 0, 0, 0),
	(159, 6, 10, 1, 0, 0, 0, 0, 0, 0, 0, 0, 0, 0),
	(159, 6, 10, 2, 0, 0, 0, 0, 0, 0, 0, 0, 0, 0),
	(160, 1, 1, 1, 0, 0, 0, 0, 0, 0, 0, 0, 0, 0),
	(160, 1, 1, 2, 0, 0, 0, 0, 0, 0, 0, 0, 0, 0),
	(160, 6, 1, 1, 0, 0, 0, 0, 0, 0, 0, 0, 0, 0),
	(160, 6, 1, 2, 0, 0, 0, 0, 0, 0, 0, 0, 0, 0),
	(160, 1, 2, 1, 0, 0, 0, 0, 0, 0, 0, 0, 0, 0),
	(160, 1, 2, 2, 0, 0, 0, 0, 0, 0, 0, 0, 0, 0),
	(160, 6, 2, 1, 0, 0, 0, 0, 0, 0, 0, 0, 0, 0),
	(160, 6, 2, 2, 0, 0, 0, 0, 0, 0, 0, 0, 0, 0),
	(160, 1, 3, 1, 0, 0, 0, 0, 0, 0, 0, 0, 0, 0),
	(160, 1, 3, 2, 0, 0, 0, 0, 0, 0, 0, 0, 0, 0),
	(160, 6, 3, 1, 0, 0, 0, 0, 0, 0, 0, 0, 0, 0),
	(160, 6, 3, 2, 0, 0, 0, 0, 0, 0, 0, 0, 0, 0),
	(160, 1, 4, 1, 0, 0, 0, 0, 0, 0, 0, 0, 0, 0),
	(160, 1, 4, 2, 0, 0, 0, 0, 0, 0, 0, 0, 0, 0),
	(160, 6, 4, 1, 0, 0, 0, 0, 0, 0, 0, 0, 0, 0),
	(160, 6, 4, 2, 0, 0, 0, 0, 0, 0, 0, 0, 0, 0),
	(160, 1, 5, 1, 0, 0, 0, 0, 0, 0, 0, 0, 0, 0),
	(160, 1, 5, 2, 0, 0, 0, 0, 0, 0, 0, 0, 0, 0),
	(160, 6, 5, 1, 0, 0, 0, 0, 0, 0, 0, 0, 0, 0),
	(160, 6, 5, 2, 0, 0, 0, 0, 0, 0, 0, 0, 0, 0),
	(160, 1, 6, 1, 1, 0, 0, 0, 0, 0, 0, 0, 0, 0),
	(160, 1, 6, 2, 0, 1, 1, 1, 1, 0, 0, 0, 0, 0),
	(160, 6, 6, 1, 0, 0, 0, 0, 0, 0, 0, 0, 0, 0),
	(160, 6, 6, 2, 0, 0, 0, 0, 0, 0, 0, 0, 0, 0),
	(160, 1, 7, 1, 0, 0, 0, 0, 0, 0, 0, 0, 0, 0),
	(160, 1, 7, 2, 0, 0, 0, 0, 0, 0, 0, 0, 0, 0),
	(160, 6, 7, 1, 0, 0, 0, 0, 0, 0, 0, 0, 0, 0),
	(160, 6, 7, 2, 0, 0, 0, 0, 0, 0, 0, 0, 0, 0),
	(160, 1, 8, 1, 0, 0, 0, 0, 0, 0, 0, 0, 0, 0),
	(160, 1, 8, 2, 0, 0, 0, 0, 0, 0, 0, 0, 0, 0),
	(160, 6, 8, 1, 0, 0, 0, 0, 0, 0, 0, 0, 0, 0),
	(160, 6, 8, 2, 0, 0, 0, 0, 0, 0, 0, 0, 0, 0),
	(160, 1, 9, 1, 0, 0, 0, 0, 0, 0, 0, 0, 0, 0),
	(160, 1, 9, 2, 0, 0, 0, 0, 0, 0, 0, 0, 0, 0),
	(160, 6, 9, 1, 0, 0, 0, 0, 0, 0, 0, 0, 0, 0),
	(160, 6, 9, 2, 0, 0, 0, 0, 0, 0, 0, 0, 0, 0),
	(160, 1, 10, 1, 0, 0, 0, 0, 0, 0, 0, 0, 0, 0),
	(160, 1, 10, 2, 0, 0, 0, 0, 0, 0, 0, 0, 0, 0),
	(160, 6, 10, 1, 0, 0, 0, 0, 0, 0, 0, 0, 0, 0),
	(160, 6, 10, 2, 0, 0, 0, 0, 0, 0, 0, 0, 0, 0),
	(161, 1, 1, 1, 1, 0, 0, 0, 0, 0, 0, 0, 0, 0),
	(161, 1, 1, 2, 0, 1, 0, 0, 0, 0, 0, 0, 0, 0),
	(161, 6, 1, 1, 1, 1, 1, 0, 0, 0, 0, 0, 0, 0),
	(161, 6, 1, 2, 0, 0, 0, 1, 0, 0, 0, 0, 0, 0),
	(161, 1, 2, 1, 1, 1, 1, 1, 1, 0, 0, 0, 0, 0),
	(161, 1, 2, 2, 0, 0, 0, 0, 0, 0, 0, 0, 0, 0),
	(161, 6, 2, 1, 0, 0, 0, 0, 0, 0, 0, 0, 0, 0),
	(161, 6, 2, 2, 0, 0, 0, 0, 0, 0, 0, 0, 0, 0),
	(161, 1, 3, 1, 0, 0, 0, 0, 0, 0, 0, 0, 0, 0),
	(161, 1, 3, 2, 0, 0, 0, 0, 0, 0, 0, 0, 0, 0),
	(161, 6, 3, 1, 0, 0, 0, 0, 0, 0, 0, 0, 0, 0),
	(161, 6, 3, 2, 0, 0, 0, 0, 0, 0, 0, 0, 0, 0),
	(161, 1, 4, 1, 0, 0, 0, 0, 0, 0, 0, 0, 0, 0),
	(161, 1, 4, 2, 0, 0, 0, 0, 0, 0, 0, 0, 0, 0),
	(161, 6, 4, 1, 0, 0, 0, 0, 0, 0, 0, 0, 0, 0),
	(161, 6, 4, 2, 0, 0, 0, 0, 0, 0, 0, 0, 0, 0),
	(161, 1, 5, 1, 0, 0, 0, 0, 0, 0, 0, 0, 0, 0),
	(161, 1, 5, 2, 0, 0, 0, 0, 0, 0, 0, 0, 0, 0),
	(161, 6, 5, 1, 0, 0, 0, 0, 0, 0, 0, 0, 0, 0),
	(161, 6, 5, 2, 0, 0, 0, 0, 0, 0, 0, 0, 0, 0),
	(161, 1, 6, 1, 0, 0, 0, 0, 0, 0, 0, 0, 0, 0),
	(161, 1, 6, 2, 0, 0, 0, 0, 0, 0, 0, 0, 0, 0),
	(161, 6, 6, 1, 0, 0, 0, 0, 0, 0, 0, 0, 0, 0),
	(161, 6, 6, 2, 0, 0, 0, 0, 0, 0, 0, 0, 0, 0),
	(161, 1, 7, 1, 0, 0, 0, 0, 0, 0, 0, 0, 0, 0),
	(161, 1, 7, 2, 0, 0, 0, 0, 0, 0, 0, 0, 0, 0),
	(161, 6, 7, 1, 0, 0, 0, 0, 0, 0, 0, 0, 0, 0),
	(161, 6, 7, 2, 0, 0, 0, 0, 0, 0, 0, 0, 0, 0),
	(161, 1, 8, 1, 0, 0, 0, 0, 0, 0, 0, 0, 0, 0),
	(161, 1, 8, 2, 0, 0, 0, 0, 0, 0, 0, 0, 0, 0),
	(161, 6, 8, 1, 0, 0, 0, 0, 0, 0, 0, 0, 0, 0),
	(161, 6, 8, 2, 0, 0, 0, 0, 0, 0, 0, 0, 0, 0),
	(161, 1, 9, 1, 0, 0, 0, 0, 0, 0, 0, 0, 0, 0),
	(161, 1, 9, 2, 0, 0, 0, 0, 0, 0, 0, 0, 0, 0),
	(161, 6, 9, 1, 0, 0, 0, 0, 0, 0, 0, 0, 0, 0),
	(161, 6, 9, 2, 0, 0, 0, 0, 0, 0, 0, 0, 0, 0),
	(161, 1, 10, 1, 0, 0, 0, 0, 0, 0, 0, 0, 0, 0),
	(161, 1, 10, 2, 0, 0, 0, 0, 0, 0, 0, 0, 0, 0),
	(161, 6, 10, 1, 0, 0, 0, 0, 0, 0, 0, 0, 0, 0),
	(161, 6, 10, 2, 0, 0, 0, 0, 0, 0, 0, 0, 0, 0),
	(162, 1, 1, 1, 1, 1, 0, 0, 0, 0, 0, 0, 0, 0),
	(162, 1, 1, 2, 0, 0, 0, 0, 0, 0, 0, 0, 0, 0),
	(162, 6, 1, 1, 0, 0, 0, 0, 0, 0, 0, 0, 0, 0),
	(162, 6, 1, 2, 0, 0, 0, 0, 0, 0, 0, 0, 0, 0),
	(162, 1, 2, 1, 0, 0, 0, 0, 0, 0, 0, 0, 0, 0),
	(162, 1, 2, 2, 0, 0, 0, 0, 0, 0, 0, 0, 0, 0),
	(162, 6, 2, 1, 0, 0, 0, 0, 0, 0, 0, 0, 0, 0),
	(162, 6, 2, 2, 0, 0, 0, 0, 0, 0, 0, 0, 0, 0),
	(162, 1, 3, 1, 0, 0, 0, 0, 0, 0, 0, 0, 0, 0),
	(162, 1, 3, 2, 0, 0, 0, 0, 0, 0, 0, 0, 0, 0),
	(162, 6, 3, 1, 0, 0, 0, 0, 0, 0, 0, 0, 0, 0),
	(162, 6, 3, 2, 0, 0, 0, 0, 0, 0, 0, 0, 0, 0),
	(162, 1, 4, 1, 0, 0, 0, 0, 0, 0, 0, 0, 0, 0),
	(162, 1, 4, 2, 0, 0, 0, 0, 0, 0, 0, 0, 0, 0),
	(162, 6, 4, 1, 0, 0, 0, 0, 0, 0, 0, 0, 0, 0),
	(162, 6, 4, 2, 0, 0, 0, 0, 0, 0, 0, 0, 0, 0),
	(162, 1, 5, 1, 1, 0, 0, 0, 0, 0, 0, 0, 0, 0),
	(162, 1, 5, 2, 0, 1, 1, 1, 1, 0, 0, 0, 0, 0),
	(162, 6, 5, 1, 0, 0, 0, 0, 0, 0, 0, 0, 0, 0),
	(162, 6, 5, 2, 0, 0, 0, 0, 0, 0, 0, 0, 0, 0),
	(162, 1, 6, 1, 0, 0, 0, 0, 0, 0, 0, 0, 0, 0),
	(162, 1, 6, 2, 0, 0, 0, 0, 0, 0, 0, 0, 0, 0),
	(162, 6, 6, 1, 0, 0, 0, 0, 0, 0, 0, 0, 0, 0),
	(162, 6, 6, 2, 0, 0, 0, 0, 0, 0, 0, 0, 0, 0),
	(162, 1, 7, 1, 0, 0, 0, 0, 0, 0, 0, 0, 0, 0),
	(162, 1, 7, 2, 0, 0, 0, 0, 0, 0, 0, 0, 0, 0),
	(162, 6, 7, 1, 0, 0, 0, 0, 0, 0, 0, 0, 0, 0),
	(162, 6, 7, 2, 0, 0, 0, 0, 0, 0, 0, 0, 0, 0),
	(162, 1, 8, 1, 0, 0, 0, 0, 0, 0, 0, 0, 0, 0),
	(162, 1, 8, 2, 0, 0, 0, 0, 0, 0, 0, 0, 0, 0),
	(162, 6, 8, 1, 0, 0, 0, 0, 0, 0, 0, 0, 0, 0),
	(162, 6, 8, 2, 0, 0, 0, 0, 0, 0, 0, 0, 0, 0),
	(162, 1, 9, 1, 0, 0, 0, 0, 0, 0, 0, 0, 0, 0),
	(162, 1, 9, 2, 0, 0, 0, 0, 0, 0, 0, 0, 0, 0),
	(162, 6, 9, 1, 0, 0, 0, 0, 0, 0, 0, 0, 0, 0),
	(162, 6, 9, 2, 0, 0, 0, 0, 0, 0, 0, 0, 0, 0),
	(162, 1, 10, 1, 1, 1, 1, 1, 1, 1, 1, 1, 1, 1),
	(162, 1, 10, 2, 0, 0, 0, 0, 0, 0, 0, 0, 0, 0),
	(162, 1, 10, 3, 1, 1, 1, 0, 0, 0, 0, 0, 0, 0),
	(162, 6, 10, 1, 1, 1, 1, 1, 1, 1, 1, 1, 1, 1),
	(162, 6, 10, 2, 1, 1, 1, 1, 1, 1, 1, 1, 1, 1),
	(162, 6, 10, 3, 1, 1, 1, 1, 1, 0, 0, 0, 0, 0),
	(163, 1, 1, 1, 1, 1, 1, 1, 0, 0, 0, 0, 0, 0),
	(163, 1, 1, 2, 0, 0, 0, 0, 1, 0, 0, 0, 0, 0),
	(164, 1, 1, 1, 1, 1, 0, 0, 0, 0, 0, 0, 0, 0),
	(164, 1, 1, 2, 0, 0, 1, 1, 1, 1, 0, 0, 0, 0),
	(165, 1, 1, 1, 1, 1, 1, 0, 0, 0, 0, 0, 0, 0),
	(165, 1, 1, 2, 0, 0, 0, 1, 1, 1, 1, 0, 0, 0),
	(166, 1, 1, 1, 1, 1, 1, 0, 0, 0, 0, 0, 0, 0),
	(166, 1, 1, 2, 0, 0, 0, 0, 0, 0, 0, 0, 0, 1),
	(166, 6, 1, 1, 1, 0, 0, 0, 0, 0, 0, 0, 0, 0),
	(166, 6, 1, 2, 0, 1, 1, 1, 1, 0, 0, 0, 0, 0),
	(168, 1, 1, 1, 1, 1, 1, 0, 0, 0, 0, 0, 0, 0),
	(168, 1, 1, 2, 0, 0, 0, 1, 1, 1, 1, 0, 0, 0),
	(169, 7, 1, 1, 1, 1, 1, 0, 0, 0, 0, 0, 0, 0),
	(169, 7, 1, 2, 0, 0, 0, 1, 1, 1, 0, 0, 0, 0),
	(170, 12, 1, 1, 1, 1, 0, 0, 0, 0, 0, 0, 0, 0),
	(171, 19, 1, 1, 0, 1, 1, 0, 0, 0, 0, 0, 0, 0),
	(171, 19, 1, 2, 0, 0, 0, 1, 1, 0, 0, 0, 0, 0),
	(172, 40, 1, 1, 0, 1, 1, 0, 0, 0, 0, 0, 0, 0),
	(172, 40, 1, 2, 0, 0, 0, 1, 1, 0, 0, 0, 0, 0),
	(173, 23, 1, 1, 1, 1, 0, 0, 0, 0, 0, 0, 0, 0),
	(173, 23, 1, 2, 0, 0, 1, 1, 1, 0, 0, 0, 0, 0),
	(174, 25, 1, 1, 1, 1, 0, 0, 0, 0, 0, 0, 0, 0),
	(174, 25, 1, 2, 0, 0, 0, 1, 1, 1, 0, 0, 0, 0),
	(174, 14, 1, 1, 0, 0, 0, 0, 0, 1, 1, 1, 0, 0),
	(174, 14, 1, 2, 0, 0, 1, 1, 0, 0, 0, 0, 0, 0),
	(174, 25, 2, 1, 0, 0, 0, 0, 0, 0, 0, 0, 0, 0),
	(174, 25, 2, 2, 0, 0, 0, 0, 1, 1, 0, 0, 0, 0),
	(175, 19, 1, 1, 1, 1, 0, 0, 0, 0, 0, 0, 0, 0),
	(175, 19, 1, 2, 0, 0, 1, 1, 1, 0, 0, 0, 0, 0),
	(175, 23, 1, 1, 1, 1, 1, 1, 0, 0, 0, 0, 0, 0),
	(175, 23, 1, 2, 0, 0, 0, 0, 1, 1, 1, 0, 0, 0),
	(175, 19, 2, 1, 0, 0, 0, 0, 0, 1, 1, 1, 0, 0),
	(175, 19, 2, 2, 1, 1, 1, 1, 0, 0, 0, 0, 0, 0),
	(175, 23, 2, 1, 0, 0, 0, 1, 1, 1, 0, 0, 0, 0),
	(175, 23, 2, 2, 0, 0, 0, 0, 0, 0, 1, 1, 0, 0),
	(176, 2, 1, 1, 0, 1, 1, 0, 0, 0, 0, 0, 0, 0),
	(176, 2, 1, 2, 0, 0, 0, 0, 0, 0, 1, 1, 1, 1),
	(176, 12, 1, 1, 1, 1, 1, 1, 0, 0, 0, 0, 0, 0),
	(176, 12, 1, 2, 0, 0, 0, 0, 1, 1, 1, 0, 0, 0),
	(176, 2, 2, 1, 1, 1, 1, 0, 0, 0, 0, 0, 0, 0),
	(176, 2, 2, 2, 0, 0, 0, 1, 0, 0, 0, 0, 0, 0),
	(176, 12, 2, 1, 1, 1, 1, 1, 1, 1, 0, 0, 0, 0),
	(176, 12, 2, 2, 0, 0, 0, 0, 0, 0, 1, 1, 0, 0),
	(176, 2, 3, 1, 1, 1, 1, 1, 1, 1, 1, 1, 1, 1),
	(176, 12, 3, 1, 1, 1, 1, 0, 0, 0, 0, 0, 0, 0),
	(176, 12, 3, 2, 0, 0, 0, 0, 0, 1, 0, 1, 1, 0),
	(177, 6, 1, 1, 1, 1, 1, 1, 1, 1, 1, 1, 1, 1),
	(177, 1, 1, 1, 1, 1, 1, 1, 1, 1, 1, 1, 1, 1),
	(177, 6, 2, 1, 0, 1, 0, 0, 0, 0, 0, 0, 0, 0),
	(177, 6, 2, 2, 0, 0, 0, 0, 0, 0, 0, 0, 0, 0),
	(177, 1, 2, 1, 0, 0, 1, 1, 1, 1, 1, 0, 0, 0),
	(177, 1, 2, 2, 0, 0, 0, 0, 0, 0, 0, 0, 0, 0),
	(177, 6, 3, 1, 0, 0, 0, 0, 0, 0, 0, 0, 0, 0),
	(177, 6, 3, 2, 0, 0, 0, 0, 0, 0, 0, 0, 0, 0),
	(177, 1, 3, 1, 0, 0, 0, 0, 0, 0, 0, 0, 0, 0),
	(177, 1, 3, 2, 0, 0, 0, 0, 0, 0, 0, 0, 0, 0),
	(177, 6, 4, 1, 0, 0, 0, 0, 0, 0, 0, 0, 0, 0),
	(177, 6, 4, 2, 0, 0, 0, 0, 0, 0, 0, 0, 0, 0),
	(177, 1, 4, 1, 0, 0, 0, 0, 0, 0, 0, 0, 0, 0),
	(177, 1, 4, 2, 0, 0, 0, 0, 0, 0, 0, 0, 0, 0),
	(177, 6, 5, 1, 0, 0, 0, 0, 0, 0, 0, 0, 0, 0),
	(177, 6, 5, 2, 0, 0, 0, 0, 0, 0, 0, 0, 0, 0),
	(177, 1, 5, 1, 0, 0, 0, 0, 0, 0, 0, 0, 0, 0),
	(177, 1, 5, 2, 0, 0, 0, 0, 0, 0, 0, 0, 0, 0),
	(177, 6, 6, 1, 0, 0, 0, 0, 0, 0, 0, 0, 0, 0),
	(177, 6, 6, 2, 0, 0, 0, 0, 0, 0, 0, 0, 0, 0),
	(177, 1, 6, 1, 0, 0, 0, 0, 0, 0, 0, 0, 0, 0),
	(177, 1, 6, 2, 0, 0, 0, 0, 0, 0, 0, 0, 0, 0),
	(177, 6, 7, 1, 0, 0, 0, 0, 0, 0, 0, 0, 0, 0),
	(177, 6, 7, 2, 0, 0, 0, 0, 0, 0, 0, 0, 0, 0),
	(177, 1, 7, 1, 0, 0, 0, 0, 0, 0, 0, 0, 0, 0),
	(177, 1, 7, 2, 0, 0, 0, 0, 0, 0, 0, 0, 0, 0),
	(177, 6, 8, 1, 0, 0, 0, 0, 0, 0, 0, 0, 0, 0),
	(177, 6, 8, 2, 0, 0, 0, 0, 0, 0, 0, 0, 0, 0),
	(177, 1, 8, 1, 0, 0, 0, 0, 0, 0, 0, 0, 0, 0),
	(177, 1, 8, 2, 0, 0, 0, 0, 0, 0, 0, 0, 0, 0),
	(177, 6, 9, 1, 0, 0, 0, 0, 0, 0, 0, 0, 0, 0),
	(177, 6, 9, 2, 0, 0, 0, 0, 0, 0, 0, 0, 0, 0),
	(177, 1, 9, 1, 0, 0, 0, 0, 0, 0, 0, 0, 0, 0),
	(177, 1, 9, 2, 0, 0, 0, 0, 0, 0, 0, 0, 0, 0),
	(177, 6, 10, 1, 0, 0, 0, 0, 0, 0, 0, 0, 0, 0),
	(177, 6, 10, 2, 0, 0, 0, 0, 0, 0, 0, 0, 0, 0),
	(177, 1, 10, 1, 0, 0, 0, 0, 0, 0, 0, 0, 0, 0),
	(177, 1, 10, 2, 0, 0, 0, 0, 0, 0, 0, 0, 0, 0),
	(179, 43, 1, 1, 1, 1, 1, 1, 1, 1, 1, 1, 1, 1),
	(179, 72, 1, 1, 1, 1, 1, 1, 1, 1, 1, 1, 1, 1),
	(179, 43, 2, 1, 0, 1, 0, 0, 0, 0, 0, 0, 0, 0),
	(179, 43, 2, 2, 0, 0, 0, 0, 0, 0, 0, 0, 0, 0),
	(179, 72, 2, 1, 0, 0, 0, 0, 0, 0, 0, 0, 0, 0),
	(179, 72, 2, 2, 0, 0, 0, 0, 0, 0, 0, 0, 0, 0),
	(179, 43, 3, 1, 0, 0, 0, 0, 0, 0, 0, 0, 0, 0),
	(179, 43, 3, 2, 0, 0, 0, 0, 0, 0, 0, 0, 0, 0),
	(179, 72, 3, 1, 0, 0, 0, 0, 0, 0, 0, 0, 0, 0),
	(179, 72, 3, 2, 0, 0, 0, 0, 0, 0, 0, 0, 0, 0),
	(179, 43, 4, 1, 0, 0, 0, 0, 0, 0, 0, 0, 0, 0),
	(179, 43, 4, 2, 0, 0, 0, 0, 0, 0, 0, 0, 0, 0),
	(179, 72, 4, 1, 0, 0, 0, 0, 0, 0, 0, 0, 0, 0),
	(179, 72, 4, 2, 0, 0, 0, 0, 0, 0, 0, 0, 0, 0),
	(179, 43, 5, 1, 0, 0, 0, 0, 0, 0, 0, 0, 0, 0),
	(179, 43, 5, 2, 0, 0, 0, 0, 0, 0, 0, 0, 0, 0),
	(179, 72, 5, 1, 0, 0, 0, 0, 0, 0, 0, 0, 0, 0),
	(179, 72, 5, 2, 0, 0, 0, 0, 0, 0, 0, 0, 0, 0),
	(179, 43, 6, 1, 0, 0, 0, 0, 0, 0, 0, 0, 0, 0),
	(179, 43, 6, 2, 0, 0, 0, 0, 0, 0, 0, 0, 0, 0),
	(179, 72, 6, 1, 0, 0, 0, 0, 0, 0, 0, 0, 0, 0),
	(179, 72, 6, 2, 0, 0, 0, 0, 0, 0, 0, 0, 0, 0),
	(179, 43, 7, 1, 0, 0, 0, 0, 0, 0, 0, 0, 0, 0),
	(179, 43, 7, 2, 0, 0, 0, 0, 0, 0, 0, 0, 0, 0),
	(179, 72, 7, 1, 0, 0, 0, 0, 0, 0, 0, 0, 0, 0),
	(179, 72, 7, 2, 0, 0, 0, 0, 0, 0, 0, 0, 0, 0),
	(179, 43, 8, 1, 0, 0, 0, 0, 0, 0, 0, 0, 0, 0),
	(179, 43, 8, 2, 0, 0, 0, 0, 0, 0, 0, 0, 0, 0),
	(179, 72, 8, 1, 0, 0, 0, 0, 0, 0, 0, 0, 0, 0),
	(179, 72, 8, 2, 0, 0, 0, 0, 0, 0, 0, 0, 0, 0),
	(179, 43, 9, 1, 0, 0, 0, 0, 0, 0, 0, 0, 0, 0),
	(179, 43, 9, 2, 0, 0, 0, 0, 0, 0, 0, 0, 0, 0),
	(179, 72, 9, 1, 0, 0, 0, 0, 0, 0, 0, 0, 0, 0),
	(179, 72, 9, 2, 0, 0, 0, 0, 0, 0, 0, 0, 0, 0),
	(179, 43, 10, 1, 0, 0, 0, 0, 0, 0, 0, 0, 0, 0),
	(179, 43, 10, 2, 0, 0, 0, 0, 0, 0, 0, 0, 0, 0),
	(179, 72, 10, 1, 0, 0, 0, 0, 0, 0, 0, 0, 0, 0),
	(179, 72, 10, 2, 0, 0, 0, 0, 0, 0, 0, 0, 0, 0),
	(180, 1, 1, 2, 0, 0, 0, 0, 0, 0, 0, 0, 0, 0),
	(180, 1, 1, 1, 1, 1, 1, 1, 1, 1, 1, 1, 1, 1),
	(180, 6, 1, 1, 0, 0, 0, 0, 0, 0, 0, 0, 0, 0),
	(180, 6, 1, 2, 0, 0, 0, 0, 0, 0, 0, 0, 0, 0),
	(180, 1, 2, 1, 0, 0, 0, 0, 0, 0, 0, 0, 0, 0),
	(180, 1, 2, 2, 0, 0, 0, 0, 0, 0, 0, 0, 0, 0),
	(180, 6, 2, 1, 0, 0, 0, 0, 0, 0, 0, 0, 0, 0),
	(180, 6, 2, 2, 0, 0, 0, 0, 0, 0, 0, 0, 0, 0),
	(180, 1, 3, 1, 0, 0, 0, 0, 0, 0, 0, 0, 0, 0),
	(180, 1, 3, 2, 0, 0, 0, 0, 0, 0, 0, 0, 0, 0),
	(180, 6, 3, 1, 0, 0, 0, 0, 0, 0, 0, 0, 0, 0),
	(180, 6, 3, 2, 0, 0, 0, 0, 0, 0, 0, 0, 0, 0),
	(180, 1, 4, 1, 0, 0, 0, 0, 0, 0, 0, 0, 0, 0),
	(180, 1, 4, 2, 0, 0, 0, 0, 0, 0, 0, 0, 0, 0),
	(180, 6, 4, 1, 0, 0, 0, 0, 0, 0, 0, 0, 0, 0),
	(180, 6, 4, 2, 0, 0, 0, 0, 0, 0, 0, 0, 0, 0),
	(180, 1, 5, 1, 0, 0, 0, 0, 0, 0, 0, 0, 0, 0),
	(180, 1, 5, 2, 0, 0, 0, 0, 0, 0, 0, 0, 0, 0),
	(180, 6, 5, 1, 0, 0, 0, 0, 0, 0, 0, 0, 0, 0),
	(180, 6, 5, 2, 0, 0, 0, 0, 0, 0, 0, 0, 0, 0),
	(180, 1, 6, 1, 0, 0, 0, 0, 0, 0, 0, 0, 0, 0),
	(180, 1, 6, 2, 0, 0, 0, 0, 0, 0, 0, 0, 0, 0),
	(180, 6, 6, 1, 0, 0, 0, 0, 0, 0, 0, 0, 0, 0),
	(180, 6, 6, 2, 0, 0, 0, 0, 0, 0, 0, 0, 0, 0),
	(180, 1, 7, 1, 0, 0, 0, 0, 0, 0, 0, 0, 0, 0),
	(180, 1, 7, 2, 0, 0, 0, 0, 0, 0, 0, 0, 0, 0),
	(180, 6, 7, 1, 0, 0, 0, 0, 0, 0, 0, 0, 0, 0),
	(180, 6, 7, 2, 0, 0, 0, 0, 0, 0, 0, 0, 0, 0),
	(180, 1, 8, 1, 0, 0, 0, 0, 0, 0, 0, 0, 0, 0),
	(180, 1, 8, 2, 0, 0, 0, 0, 0, 0, 0, 0, 0, 0),
	(180, 6, 8, 1, 0, 0, 0, 0, 0, 0, 0, 0, 0, 0),
	(180, 6, 8, 2, 0, 0, 0, 0, 0, 0, 0, 0, 0, 0),
	(180, 1, 9, 1, 0, 0, 0, 0, 0, 0, 0, 0, 0, 0),
	(180, 1, 9, 2, 0, 0, 0, 0, 0, 0, 0, 0, 0, 0),
	(180, 6, 9, 1, 0, 0, 0, 0, 0, 0, 0, 0, 0, 0),
	(180, 6, 9, 2, 0, 0, 0, 0, 0, 0, 0, 0, 0, 0),
	(180, 1, 10, 1, 0, 0, 0, 0, 0, 0, 0, 0, 0, 0),
	(180, 1, 10, 2, 0, 0, 0, 0, 0, 0, 0, 0, 0, 0),
	(180, 6, 10, 1, 0, 0, 0, 0, 0, 0, 0, 0, 0, 0),
	(180, 6, 10, 2, 0, 0, 0, 0, 0, 0, 0, 0, 0, 0),
	(181, 100, 1, 1, 1, 1, 1, 1, 1, 1, 1, 1, 1, 1),
	(181, 100, 1, 2, 0, 0, 0, 0, 0, 0, 0, 0, 0, 0),
	(181, 104, 1, 1, 1, 0, 1, 0, 0, 0, 0, 0, 0, 0),
	(181, 104, 1, 2, 0, 0, 0, 0, 0, 0, 0, 0, 0, 0),
	(181, 100, 2, 1, 1, 1, 0, 1, 1, 1, 1, 1, 1, 1),
	(181, 100, 2, 2, 0, 0, 1, 0, 0, 0, 0, 0, 0, 0),
	(181, 104, 2, 1, 0, 0, 0, 0, 0, 0, 0, 0, 0, 0),
	(181, 104, 2, 2, 0, 0, 0, 0, 0, 0, 0, 0, 0, 0),
	(181, 100, 3, 1, 0, 0, 0, 0, 0, 0, 0, 0, 0, 0),
	(181, 100, 3, 2, 0, 0, 0, 0, 0, 0, 0, 0, 0, 0),
	(181, 104, 3, 1, 0, 0, 0, 0, 0, 0, 0, 0, 0, 0),
	(181, 104, 3, 2, 0, 0, 0, 0, 0, 0, 0, 0, 0, 0),
	(181, 100, 4, 1, 0, 0, 0, 0, 0, 0, 0, 0, 0, 0),
	(181, 100, 4, 2, 0, 0, 0, 0, 0, 0, 0, 0, 0, 0),
	(181, 104, 4, 1, 0, 0, 0, 0, 0, 0, 0, 0, 0, 0),
	(181, 104, 4, 2, 0, 0, 0, 0, 0, 0, 0, 0, 0, 0),
	(181, 100, 5, 1, 0, 0, 0, 0, 0, 0, 0, 0, 0, 0),
	(181, 100, 5, 2, 0, 0, 0, 0, 0, 0, 0, 0, 0, 0),
	(181, 104, 5, 1, 0, 0, 0, 0, 0, 0, 0, 0, 0, 0),
	(181, 104, 5, 2, 0, 0, 0, 0, 0, 0, 0, 0, 0, 0),
	(181, 100, 6, 1, 0, 0, 0, 0, 0, 0, 0, 0, 0, 0),
	(181, 100, 6, 2, 0, 0, 0, 0, 0, 0, 0, 0, 0, 0),
	(181, 104, 6, 1, 0, 0, 0, 0, 0, 0, 0, 0, 0, 0),
	(181, 104, 6, 2, 0, 0, 0, 0, 0, 0, 0, 0, 0, 0),
	(181, 100, 7, 1, 0, 0, 0, 0, 0, 0, 0, 0, 0, 0),
	(181, 100, 7, 2, 0, 0, 0, 0, 0, 0, 0, 0, 0, 0),
	(181, 104, 7, 1, 0, 0, 0, 0, 0, 0, 0, 0, 0, 0),
	(181, 104, 7, 2, 0, 0, 0, 0, 0, 0, 0, 0, 0, 0),
	(181, 100, 8, 1, 0, 0, 0, 0, 0, 0, 0, 0, 0, 0),
	(181, 100, 8, 2, 0, 0, 0, 0, 0, 0, 0, 0, 0, 0),
	(181, 104, 8, 1, 0, 0, 0, 0, 0, 0, 0, 0, 0, 0),
	(181, 104, 8, 2, 0, 0, 0, 0, 0, 0, 0, 0, 0, 0),
	(181, 100, 9, 1, 0, 0, 0, 0, 0, 0, 0, 0, 0, 0),
	(181, 100, 9, 2, 0, 0, 0, 0, 0, 0, 0, 0, 0, 0),
	(181, 104, 9, 1, 0, 0, 0, 0, 0, 0, 0, 0, 0, 0),
	(181, 104, 9, 2, 0, 0, 0, 0, 0, 0, 0, 0, 0, 0),
	(181, 100, 10, 1, 0, 0, 0, 0, 0, 0, 0, 0, 0, 0),
	(181, 100, 10, 2, 0, 0, 0, 0, 0, 0, 0, 0, 0, 0),
	(181, 104, 10, 1, 0, 0, 0, 0, 0, 0, 0, 0, 0, 0),
	(181, 104, 10, 2, 0, 0, 0, 0, 0, 0, 0, 0, 0, 0),
	(182, 99, 1, 1, 1, 1, 1, 1, 1, 1, 1, 1, 1, 1),
	(182, 99, 1, 2, 0, 0, 0, 0, 0, 0, 0, 0, 0, 0),
	(182, 52, 1, 1, 0, 1, 1, 1, 1, 1, 1, 1, 1, 1),
	(182, 52, 1, 2, 0, 0, 0, 0, 0, 0, 0, 0, 0, 0),
	(182, 99, 2, 1, 1, 1, 1, 1, 1, 1, 1, 1, 1, 1),
	(182, 99, 2, 2, 0, 0, 0, 0, 0, 0, 0, 0, 0, 0),
	(182, 52, 2, 1, 0, 0, 0, 0, 0, 0, 0, 0, 0, 0),
	(182, 52, 2, 2, 0, 0, 0, 0, 0, 0, 0, 0, 0, 0),
	(182, 99, 3, 1, 1, 1, 1, 1, 1, 1, 1, 1, 1, 1),
	(182, 99, 3, 2, 0, 0, 0, 0, 0, 0, 0, 0, 0, 0),
	(182, 52, 3, 1, 0, 0, 0, 0, 0, 0, 0, 0, 0, 0),
	(182, 52, 3, 2, 0, 0, 0, 0, 0, 0, 0, 0, 0, 0),
	(182, 99, 4, 1, 1, 0, 1, 0, 1, 1, 0, 0, 1, 0),
	(182, 99, 4, 2, 0, 0, 0, 0, 0, 0, 0, 0, 0, 0),
	(182, 52, 4, 1, 0, 0, 0, 0, 0, 0, 0, 0, 0, 0),
	(182, 52, 4, 2, 0, 0, 0, 0, 0, 0, 0, 0, 0, 0),
	(182, 99, 5, 1, 0, 0, 0, 0, 0, 0, 0, 0, 0, 0),
	(182, 99, 5, 2, 0, 0, 0, 0, 0, 0, 0, 0, 0, 0),
	(182, 52, 5, 1, 0, 0, 0, 0, 0, 0, 0, 0, 0, 0),
	(182, 52, 5, 2, 0, 0, 0, 0, 0, 0, 0, 0, 0, 0),
	(182, 99, 6, 1, 0, 0, 0, 0, 0, 0, 0, 0, 0, 0),
	(182, 99, 6, 2, 0, 0, 0, 0, 0, 0, 0, 0, 0, 0),
	(182, 52, 6, 1, 0, 0, 0, 0, 0, 0, 0, 0, 0, 0),
	(182, 52, 6, 2, 0, 0, 0, 0, 0, 0, 0, 0, 0, 0),
	(182, 99, 7, 1, 0, 0, 0, 0, 0, 0, 0, 0, 0, 0),
	(182, 99, 7, 2, 0, 0, 0, 0, 0, 0, 0, 0, 0, 0),
	(182, 52, 7, 1, 0, 0, 0, 0, 0, 0, 0, 0, 0, 0),
	(182, 52, 7, 2, 0, 0, 0, 0, 0, 0, 0, 0, 0, 0),
	(182, 99, 8, 1, 0, 0, 0, 0, 0, 0, 0, 0, 0, 0),
	(182, 99, 8, 2, 0, 0, 0, 0, 0, 0, 0, 0, 0, 0),
	(182, 52, 8, 1, 0, 0, 0, 0, 0, 0, 0, 0, 0, 0),
	(182, 52, 8, 2, 0, 0, 0, 0, 0, 0, 0, 0, 0, 0),
	(182, 99, 9, 1, 0, 0, 0, 0, 0, 0, 0, 0, 0, 0),
	(182, 99, 9, 2, 0, 0, 0, 0, 0, 0, 0, 0, 0, 0),
	(182, 52, 9, 1, 0, 0, 0, 0, 0, 0, 0, 0, 0, 0),
	(182, 52, 9, 2, 0, 0, 0, 0, 0, 0, 0, 0, 0, 0),
	(182, 99, 10, 1, 0, 0, 0, 0, 0, 0, 0, 0, 0, 0),
	(182, 99, 10, 2, 0, 0, 0, 0, 0, 0, 0, 0, 0, 0),
	(182, 52, 10, 1, 0, 0, 0, 0, 0, 0, 0, 0, 0, 0),
	(182, 52, 10, 2, 0, 0, 0, 0, 0, 0, 0, 0, 0, 0);
/*!40000 ALTER TABLE `game_player` ENABLE KEYS */;

-- 테이블 bowling.game_referee 구조 내보내기
CREATE TABLE IF NOT EXISTS `game_referee` (
  `game_no` int(11) NOT NULL,
  `referee_no` int(11) NOT NULL,
  KEY `FK_gamerefree_referee` (`referee_no`),
  KEY `FK_game_refree_game` (`game_no`),
  CONSTRAINT `FK_game_referee_referee` FOREIGN KEY (`referee_no`) REFERENCES `referee` (`referee_no`),
  CONSTRAINT `FK_game_refree_game` FOREIGN KEY (`game_no`) REFERENCES `game` (`game_no`)
) ENGINE=InnoDB DEFAULT CHARSET=utf8;

-- 테이블 데이터 bowling.game_referee:~26 rows (대략적) 내보내기
DELETE FROM `game_referee`;
/*!40000 ALTER TABLE `game_referee` DISABLE KEYS */;
INSERT INTO `game_referee` (`game_no`, `referee_no`) VALUES
	(157, 1),
	(158, 1),
	(159, 1),
	(160, 1),
	(161, 1),
	(162, 1),
	(163, 1),
	(164, 1),
	(165, 1),
	(166, 1),
	(167, 1),
	(168, 1),
	(169, 1),
	(170, 2),
	(171, 3),
	(172, 4),
	(173, 3),
	(174, 4),
	(175, 3),
	(176, 1),
	(177, 1),
	(178, 1),
	(179, 4),
	(180, 1),
	(181, 1),
	(182, 5);
/*!40000 ALTER TABLE `game_referee` ENABLE KEYS */;

-- 테이블 bowling.game_result 구조 내보내기
CREATE TABLE IF NOT EXISTS `game_result` (
  `game_no` int(11) NOT NULL,
  `hteam_name` varchar(50) NOT NULL,
  `hplayer_no` int(11) NOT NULL,
  `hteam_score` int(11) NOT NULL,
  `hteam_result` enum('win','lose','draw') NOT NULL,
  `ateam_result` enum('win','lose','draw') NOT NULL,
  `ateam_score` int(11) NOT NULL,
  `ateam_name` varchar(50) NOT NULL,
  `aplayer_no` int(11) NOT NULL,
  KEY `FK_gameresult_game_2` (`hteam_name`),
  KEY `FK_gameresult_game_3` (`ateam_name`),
  KEY `FK_gameresult_game` (`game_no`),
  KEY `FK_game_result_game_4` (`hplayer_no`),
  KEY `FK_game_result_game_5` (`aplayer_no`),
  CONSTRAINT `FK_game_result_game` FOREIGN KEY (`game_no`) REFERENCES `game` (`game_no`),
  CONSTRAINT `FK_game_result_game_2` FOREIGN KEY (`hteam_name`) REFERENCES `game` (`hteam_name`),
  CONSTRAINT `FK_game_result_game_3` FOREIGN KEY (`ateam_name`) REFERENCES `game` (`ateam_name`),
  CONSTRAINT `FK_game_result_game_4` FOREIGN KEY (`hplayer_no`) REFERENCES `game` (`hplayer_no`),
  CONSTRAINT `FK_game_result_game_5` FOREIGN KEY (`aplayer_no`) REFERENCES `game` (`aplayer_no`)
) ENGINE=InnoDB DEFAULT CHARSET=utf8;

-- 테이블 데이터 bowling.game_result:~8 rows (대략적) 내보내기
DELETE FROM `game_result`;
/*!40000 ALTER TABLE `game_result` DISABLE KEYS */;
INSERT INTO `game_result` (`game_no`, `hteam_name`, `hplayer_no`, `hteam_score`, `hteam_result`, `ateam_result`, `ateam_score`, `ateam_name`, `aplayer_no`) VALUES
	(160, '대한민국', 1, 5, 'win', 'lose', 0, '마카오', 6),
	(161, '대한민국', 1, 7, 'win', 'lose', 4, '마카오', 6),
	(162, '대한민국', 1, 20, 'draw', 'draw', 20, '마카오', 6),
	(177, '마카오', 6, 12, 'lose', 'win', 20, '대한민국', 1),
	(179, '아랍에미리트', 43, 12, 'win', 'lose', 10, '카자흐스탄', 72),
	(180, '대한민국', 1, 10, 'win', 'lose', 0, '마카오', 6),
	(181, '대한민국', 100, 30, 'win', 'lose', 2, '마카오', 104),
	(182, '대한민국', 99, 75, 'win', 'lose', 9, '인도네시아', 52);
/*!40000 ALTER TABLE `game_result` ENABLE KEYS */;

-- 테이블 bowling.grip 구조 내보내기
CREATE TABLE IF NOT EXISTS `grip` (
  `grip_no` int(11) NOT NULL AUTO_INCREMENT,
  `grip` varchar(50) NOT NULL,
  PRIMARY KEY (`grip_no`)
) ENGINE=InnoDB AUTO_INCREMENT=7 DEFAULT CHARSET=utf8;

-- 테이블 데이터 bowling.grip:~6 rows (대략적) 내보내기
DELETE FROM `grip`;
/*!40000 ALTER TABLE `grip` DISABLE KEYS */;
INSERT INTO `grip` (`grip_no`, `grip`) VALUES
	(1, '메디 화이트 컨베셔널'),
	(2, '세미'),
	(3, '세미 핑거립'),
	(4, '컨베셔널'),
	(5, '풀 핑거립'),
	(6, '핑거립');
/*!40000 ALTER TABLE `grip` ENABLE KEYS */;

-- 테이블 bowling.img 구조 내보내기
CREATE TABLE IF NOT EXISTS `img` (
  `player_no` int(11) NOT NULL,
  `img_name` varchar(50) NOT NULL,
  `extenstion` varchar(50) NOT NULL,
  `content_type` varchar(50) NOT NULL,
  `size` bigint(20) NOT NULL,
  `origin_name` varchar(50) NOT NULL,
  PRIMARY KEY (`player_no`)
) ENGINE=InnoDB DEFAULT CHARSET=utf8;

-- 테이블 데이터 bowling.img:~0 rows (대략적) 내보내기
DELETE FROM `img`;
/*!40000 ALTER TABLE `img` DISABLE KEYS */;
/*!40000 ALTER TABLE `img` ENABLE KEYS */;

-- 테이블 bowling.manager 구조 내보내기
CREATE TABLE IF NOT EXISTS `manager` (
  `manager_no` int(11) NOT NULL AUTO_INCREMENT,
  `manager_country` varchar(50) NOT NULL,
  `manager_name` varchar(50) NOT NULL,
  `manager_age` int(11) NOT NULL,
  `manager_gender` enum('M','F') NOT NULL,
  PRIMARY KEY (`manager_no`),
  KEY `FK_manager_country` (`manager_country`),
  CONSTRAINT `FK_manager_country` FOREIGN KEY (`manager_country`) REFERENCES `country` (`country_name`)
) ENGINE=InnoDB AUTO_INCREMENT=20 DEFAULT CHARSET=utf8;

-- 테이블 데이터 bowling.manager:~19 rows (대략적) 내보내기
DELETE FROM `manager`;
/*!40000 ALTER TABLE `manager` DISABLE KEYS */;
INSERT INTO `manager` (`manager_no`, `manager_country`, `manager_name`, `manager_age`, `manager_gender`) VALUES
	(1, '대한민국', '강대연', 43, 'M'),
	(2, '대한민국', '조상현', 44, 'M'),
	(3, '대한민국', '추재준', 35, 'M'),
	(4, '말레이시아', 'Claus Reggio', 35, 'M'),
	(5, '몽골', 'Cathlene Cutmere', 45, 'M'),
	(6, '바레인', 'Fallon Talboy', 48, 'F'),
	(7, '베트남', 'Any Ochterlony', 39, 'M'),
	(8, '싱가포르', 'Julio Frudd', 52, 'F'),
	(9, '싱가포르', 'Wilbur Ogilvie', 40, 'M'),
	(10, '인도', 'Mic Mattschas', 50, 'M'),
	(11, '일본', 'Daffi Lozano', 51, 'M'),
	(12, '중국', 'Noak McAvey', 57, 'M'),
	(13, '태국', 'Flinn Boliver', 57, 'F'),
	(14, '필리핀', 'Donelle Chessel', 54, 'M'),
	(15, '사우디아라비아', 'Morgan Kubasiewicz', 59, 'M'),
	(16, '베트남', 'Job Oggers', 45, 'M'),
	(17, '인도네시아', 'Christopher Cheshir', 41, 'F'),
	(18, '바레인', 'Baxter Weepers', 37, 'M'),
	(19, '아랍에미리트', 'Ernest Husband', 33, 'M');
/*!40000 ALTER TABLE `manager` ENABLE KEYS */;

-- 테이블 bowling.news 구조 내보내기
CREATE TABLE IF NOT EXISTS `news` (
  `news_no` int(11) NOT NULL AUTO_INCREMENT,
  `admin_id` varchar(50) NOT NULL,
  `news_title` varchar(50) NOT NULL,
  `news_content` varchar(50) NOT NULL,
  PRIMARY KEY (`news_no`),
  KEY `FK_news_admin` (`admin_id`),
  CONSTRAINT `FK_news_admin` FOREIGN KEY (`admin_id`) REFERENCES `admin` (`admin_id`)
) ENGINE=InnoDB DEFAULT CHARSET=utf8;

-- 테이블 데이터 bowling.news:~0 rows (대략적) 내보내기
DELETE FROM `news`;
/*!40000 ALTER TABLE `news` DISABLE KEYS */;
/*!40000 ALTER TABLE `news` ENABLE KEYS */;

-- 테이블 bowling.player 구조 내보내기
CREATE TABLE IF NOT EXISTS `player` (
  `player_no` int(11) NOT NULL AUTO_INCREMENT,
  `player_name` varchar(50) NOT NULL,
  `player_country` varchar(50) NOT NULL,
  `player_age` int(11) NOT NULL,
  `player_gender` enum('M','F') NOT NULL,
  `player_hand` enum('L','R') NOT NULL,
  PRIMARY KEY (`player_no`),
  KEY `FK_player_country` (`player_country`),
  CONSTRAINT `FK_player_country` FOREIGN KEY (`player_country`) REFERENCES `country` (`country_name`)
) ENGINE=InnoDB AUTO_INCREMENT=191 DEFAULT CHARSET=utf8;

-- 테이블 데이터 bowling.player:~190 rows (대략적) 내보내기
DELETE FROM `player`;
/*!40000 ALTER TABLE `player` DISABLE KEYS */;
INSERT INTO `player` (`player_no`, `player_name`, `player_country`, `player_age`, `player_gender`, `player_hand`) VALUES
	(1, '강희원', '대한민국', 30, 'M', 'R'),
	(2, '구성회', '대한민국', 27, 'M', 'R'),
	(3, '김경민', '대한민국', 25, 'M', 'R'),
	(4, '박건하', '대한민국', 25, 'M', 'R'),
	(5, '박동혁', '대한민국', 28, 'M', 'R'),
	(6, 'Arvie O\'Halloran', '마카오', 28, 'M', 'R'),
	(7, 'Haven Plait', '마카오', 34, 'M', 'R'),
	(8, 'Marijn O\'Cannavan', '마카오', 27, 'M', 'R'),
	(9, 'Percival Kyston', '마카오', 27, 'M', 'R'),
	(10, 'Stanleigh Disley', '마카오', 28, 'M', 'R'),
	(11, 'Ermentrude Tamburi', '말레이시아', 27, 'M', 'R'),
	(12, 'Darwin Landon', '말레이시아', 27, 'M', 'R'),
	(13, 'Austin Gooddie', '말레이시아', 21, 'M', 'R'),
	(14, 'Marice Batstone', '말레이시아', 28, 'M', 'R'),
	(15, 'Hayley Bridell', '말레이시아', 20, 'M', 'R'),
	(16, 'Dennie Wakelam', '몽골', 23, 'M', 'R'),
	(17, 'Karlyn Creber', '몽골', 25, 'M', 'R'),
	(18, 'Lowe Waddam', '몽골', 31, 'M', 'R'),
	(19, 'Wright Sibbe', '몽골', 25, 'M', 'R'),
	(20, 'Adela Le Brun', '몽골', 33, 'M', 'R'),
	(21, 'Welbie Polley', '바레인', 21, 'M', 'R'),
	(22, 'Pierre Creer', '바레인', 26, 'M', 'R'),
	(23, 'Fred Diack', '바레인', 34, 'M', 'R'),
	(24, 'Federica Di Francecshi', '바레인', 22, 'M', 'R'),
	(25, 'Natividad Schild', '바레인', 31, 'M', 'R'),
	(26, 'Kristal Cadany', '베트남', 34, 'M', 'R'),
	(27, 'Cary Sunman', '베트남', 30, 'M', 'R'),
	(28, 'Cecily Boydell', '베트남', 20, 'M', 'R'),
	(29, 'Vlad Le Marchant', '베트남', 21, 'M', 'R'),
	(30, 'Gwenni Wettern', '베트남', 35, 'M', 'R'),
	(31, 'Maxy Robey', '사우디아라비아', 33, 'M', 'R'),
	(32, 'Holly Poizer', '사우디아라비아', 27, 'M', 'R'),
	(33, 'Fairfax Giggs', '사우디아라비아', 27, 'M', 'R'),
	(34, 'Saw Malsher', '사우디아라비아', 30, 'M', 'R'),
	(35, 'Kenyon Gaskill', '사우디아라비아', 33, 'M', 'R'),
	(36, 'Christean Dunphy', '싱가포르', 30, 'M', 'R'),
	(37, 'Ali McIlmurray', '싱가포르', 22, 'M', 'R'),
	(38, 'Antoine Jearum', '싱가포르', 24, 'M', 'R'),
	(39, 'Dawna Swadlin', '싱가포르', 20, 'M', 'R'),
	(40, 'Almeria Piatek', '싱가포르', 32, 'M', 'R'),
	(41, 'Uriah Lyster', '아랍에미리트', 25, 'M', 'R'),
	(42, 'Aldrich Jovic', '아랍에미리트', 27, 'M', 'R'),
	(43, 'Luciana Hryniewicki', '아랍에미리트', 29, 'M', 'R'),
	(44, 'Jule Hentze', '아랍에미리트', 27, 'M', 'R'),
	(45, 'Nadia Murrow', '아랍에미리트', 24, 'M', 'R'),
	(46, 'Tine Ladley', '인도', 25, 'M', 'R'),
	(47, 'Tilly Basey', '인도', 27, 'M', 'R'),
	(48, 'Lou Plewman', '인도', 27, 'M', 'R'),
	(49, 'Melita Gussie', '인도', 23, 'M', 'R'),
	(50, 'Malissia Pleuman', '인도', 26, 'M', 'R'),
	(51, 'Giulietta Joriot', '인도네시아', 23, 'M', 'R'),
	(52, 'Glen Waddie', '인도네시아', 34, 'M', 'R'),
	(53, 'Siward Demeza', '인도네시아', 27, 'M', 'R'),
	(54, 'Ebony Paynes', '인도네시아', 33, 'M', 'R'),
	(55, 'Juditha Hammand', '인도네시아', 30, 'M', 'R'),
	(56, 'Netty Riby', '일본', 27, 'M', 'R'),
	(57, 'Trefor Hanaford', '일본', 22, 'M', 'R'),
	(58, 'Trix Francesch', '일본', 22, 'M', 'R'),
	(59, 'Gracie Geach', '일본', 30, 'M', 'R'),
	(60, 'Nathan Chasteney', '일본', 25, 'M', 'R'),
	(61, 'Petey Keynd', '중국', 20, 'M', 'R'),
	(62, 'Shell Humber', '중국', 27, 'M', 'R'),
	(63, 'Betteann Dyte', '중국', 23, 'M', 'R'),
	(64, 'Reamonn Degenhardt', '중국', 29, 'M', 'R'),
	(65, 'Jasmina Woolam', '중국', 33, 'M', 'R'),
	(66, 'Heath Edyson', '중화 타이베이', 32, 'M', 'R'),
	(67, 'Ira Tice', '중화 타이베이', 26, 'M', 'R'),
	(68, 'Ring Franses', '중화 타이베이', 28, 'M', 'R'),
	(69, 'Beaufort Penddreth', '중화 타이베이', 26, 'M', 'R'),
	(70, 'Murdoch Zimmer', '중화 타이베이', 26, 'M', 'R'),
	(71, 'Marin Yersin', '카자흐스탄', 27, 'M', 'R'),
	(72, 'Lynn Goodyear', '카자흐스탄', 33, 'M', 'R'),
	(73, 'Jonis Briffett', '카자흐스탄', 26, 'M', 'R'),
	(74, 'Sherry Gambie', '카자흐스탄', 27, 'M', 'R'),
	(75, 'Micky Doxsey', '카자흐스탄', 24, 'M', 'R'),
	(76, 'Mireille Spaight', '카타르', 34, 'M', 'R'),
	(77, 'Eulalie Mannock', '카타르', 27, 'M', 'R'),
	(78, 'Briggs Girdler', '카타르', 34, 'M', 'R'),
	(79, 'Padraig Bolam', '카타르', 28, 'M', 'R'),
	(80, 'Edithe Richmont', '카타르', 27, 'M', 'R'),
	(81, 'Hewett Scolding', '태국', 21, 'M', 'R'),
	(82, 'Paxon Eallis', '태국', 26, 'M', 'R'),
	(83, 'Caldwell Boxell', '태국', 26, 'M', 'R'),
	(84, 'Collie McMeeking', '태국', 31, 'M', 'R'),
	(85, 'Iorgos Sjollema', '태국', 26, 'M', 'R'),
	(86, 'Cliff Corroyer', '필리핀', 31, 'M', 'R'),
	(87, 'Anderson Arnull', '필리핀', 35, 'M', 'R'),
	(88, 'Mariska McMillan', '필리핀', 23, 'M', 'R'),
	(89, 'Ulrica Minors', '필리핀', 29, 'M', 'R'),
	(90, 'Ahmed Mitroshinov', '필리핀', 28, 'M', 'R'),
	(91, 'Eal MacAscaidh', '홍콩', 30, 'M', 'R'),
	(92, 'Ange MacGovern', '홍콩', 20, 'M', 'R'),
	(93, 'Amos Thickpenny', '홍콩', 31, 'M', 'R'),
	(94, 'Phil Lewsey', '홍콩', 25, 'M', 'R'),
	(95, 'Merola Machen', '홍콩', 21, 'M', 'R'),
	(96, '강수진', '대한민국', 24, 'F', 'R'),
	(97, '김문정', '대한민국', 35, 'F', 'R'),
	(98, '백승자', '대한민국', 32, 'F', 'R'),
	(99, '이나영', '대한민국', 34, 'F', 'R'),
	(100, '손혜린', '대한민국', 31, 'F', 'R'),
	(101, 'Zondra Napper', '마카오', 25, 'F', 'R'),
	(102, 'Torry Nobriga', '마카오', 25, 'F', 'R'),
	(103, 'Tadeas Shapero', '마카오', 29, 'F', 'R'),
	(104, 'Brucie Pendre', '마카오', 21, 'F', 'R'),
	(105, 'Cosmo Frenzel;', '마카오', 20, 'F', 'R'),
	(106, 'Asher Levee', '말레이시아', 28, 'F', 'R'),
	(107, 'Gabriello Byrom', '말레이시아', 31, 'F', 'R'),
	(108, 'Whitman Simenel', '말레이시아', 33, 'F', 'R'),
	(109, 'Monah Ciobotaro', '말레이시아', 35, 'F', 'R'),
	(110, 'Rori Jerger', '말레이시아', 35, 'F', 'R'),
	(111, 'Alec Dimblebee', '몽골', 24, 'F', 'R'),
	(112, 'Bethany Beales', '몽골', 32, 'F', 'R'),
	(113, 'Delaney Reichelt', '몽골', 25, 'F', 'R'),
	(114, 'Perrine Turn', '몽골', 33, 'F', 'R'),
	(115, 'Dorine Peinton', '몽골', 23, 'F', 'R'),
	(116, 'Viki Leacock', '바레인', 30, 'F', 'R'),
	(117, 'Tristan Hyde-Chambers', '바레인', 32, 'F', 'R'),
	(118, 'Harland Apdell', '바레인', 21, 'F', 'R'),
	(119, 'Bridie Abdey', '바레인', 21, 'F', 'R'),
	(120, 'Lorie Mackilpatrick', '바레인', 33, 'F', 'R'),
	(121, 'Tracie de la Valette Parisot', '베트남', 26, 'F', 'R'),
	(122, 'Corri Gowler', '베트남', 32, 'F', 'R'),
	(123, 'Markos Stedall', '베트남', 33, 'F', 'R'),
	(124, 'Gery Turpin', '베트남', 30, 'F', 'R'),
	(125, 'Meade Arnecke', '베트남', 20, 'F', 'R'),
	(126, 'Molly Rubee', '사우디아라비아', 33, 'F', 'R'),
	(127, 'Miriam Father', '사우디아라비아', 29, 'F', 'R'),
	(128, 'Dasi Mealand', '사우디아라비아', 26, 'F', 'R'),
	(129, 'Reggi Riseborough', '사우디아라비아', 21, 'F', 'R'),
	(130, 'Devland Maslin', '사우디아라비아', 34, 'F', 'R'),
	(131, 'Jany Lowe', '싱가포르', 24, 'F', 'R'),
	(132, 'Nicholle Merman', '싱가포르', 25, 'F', 'R'),
	(133, 'Morly Bains', '싱가포르', 33, 'F', 'R'),
	(134, 'Ebony Woodlands', '싱가포르', 27, 'F', 'R'),
	(135, 'Grethel Orteu', '싱가포르', 23, 'F', 'R'),
	(136, 'Bell Purcell', '아랍에미리트', 23, 'F', 'R'),
	(137, 'Adela Grishagin', '아랍에미리트', 33, 'F', 'R'),
	(138, 'Maria Aulton', '아랍에미리트', 23, 'F', 'R'),
	(139, 'Anica MacArthur', '아랍에미리트', 26, 'F', 'R'),
	(140, 'Dorey Wyre', '아랍에미리트', 29, 'F', 'R'),
	(141, 'Shanan Venner', '인도', 24, 'F', 'R'),
	(142, 'Franz Winspire', '인도', 25, 'F', 'R'),
	(143, 'Vania Dudden', '인도', 27, 'F', 'R'),
	(144, 'Valle Fabler', '인도', 20, 'F', 'R'),
	(145, 'Nessie Klimschak', '인도', 20, 'F', 'R'),
	(146, 'Yale Thumann', '인도네시아', 34, 'F', 'R'),
	(147, 'Bessie Gors', '인도네시아', 29, 'F', 'R'),
	(148, 'Gabriela Pury', '인도네시아', 22, 'F', 'R'),
	(149, 'Vic Truluck', '인도네시아', 21, 'F', 'R'),
	(150, 'Ana MacKessock', '인도네시아', 26, 'F', 'R'),
	(151, 'Rosco Mullins', '일본', 21, 'F', 'R'),
	(152, 'Casey Bance', '일본', 31, 'F', 'R'),
	(153, 'Gordy Stanman', '일본', 32, 'F', 'R'),
	(154, 'Kennith Berrigan', '일본', 25, 'F', 'R'),
	(155, 'Marillin Laidler', '일본', 33, 'F', 'R'),
	(156, 'Isa Roget', '중국', 35, 'F', 'R'),
	(157, 'Barth Fist', '중국', 20, 'F', 'R'),
	(158, 'Anthia Massie', '중국', 27, 'F', 'R'),
	(159, 'Wittie Wisher', '중국', 33, 'F', 'R'),
	(160, 'Sophey Retchford', '중국', 27, 'F', 'R'),
	(161, 'Terrell Vallintine', '중화 타이베이', 34, 'F', 'R'),
	(162, 'Carie Fowden', '중화 타이베이', 31, 'F', 'R'),
	(163, 'Wallie Walas', '중화 타이베이', 22, 'F', 'R'),
	(164, 'Sunny MacColm', '중화 타이베이', 32, 'F', 'R'),
	(165, 'Brynn Morrallee', '중화 타이베이', 21, 'F', 'R'),
	(166, 'Zaneta Pleace', '카자흐스탄', 24, 'F', 'R'),
	(167, 'Laurie Bergstrand', '카자흐스탄', 21, 'F', 'R'),
	(168, 'Daniel Jaulmes', '카자흐스탄', 24, 'F', 'R'),
	(169, 'Yehudit Cortnay', '카자흐스탄', 25, 'F', 'R'),
	(170, 'Adelheid Taudevin', '카자흐스탄', 28, 'F', 'R'),
	(171, 'Georgianna Yesenin', '카타르', 24, 'F', 'R'),
	(172, 'Percival McGlynn', '카타르', 30, 'F', 'R'),
	(173, 'Collin Boyn', '카타르', 29, 'F', 'R'),
	(174, 'Legra Quarrington', '카타르', 35, 'F', 'R'),
	(175, 'Carmon Grimolbie', '카타르', 20, 'F', 'R'),
	(176, 'Kaylyn Houseman', '태국', 26, 'F', 'R'),
	(177, 'Bay Follit', '태국', 33, 'F', 'R'),
	(178, 'Brice Deppen', '태국', 24, 'F', 'R'),
	(179, 'Lindsay De la Feld', '태국', 32, 'F', 'R'),
	(180, 'Dorthea Maso', '태국', 35, 'F', 'R'),
	(181, 'Desdemona Dabnot', '필리핀', 22, 'F', 'R'),
	(182, 'Alick Vernall', '필리핀', 33, 'F', 'R'),
	(183, 'Bea Sorsby', '필리핀', 33, 'F', 'R'),
	(184, 'Ema Rive', '필리핀', 26, 'F', 'R'),
	(185, 'Rocky Malling', '필리핀', 34, 'F', 'R'),
	(186, 'Humberto Crocket\r\n', '홍콩', 33, 'F', 'R'),
	(187, 'Obediah Doble\r\n\r\n', '홍콩', 34, 'F', 'R'),
	(188, 'Rurik Duckinfield\r\n', '홍콩', 23, 'F', 'R'),
	(189, 'Babbie MacShirie\r\n', '홍콩', 31, 'F', 'R'),
	(190, 'Anjela Balsellie\r\n', '홍콩', 25, 'F', 'R');
/*!40000 ALTER TABLE `player` ENABLE KEYS */;

-- 테이블 bowling.player_ball 구조 내보내기
CREATE TABLE IF NOT EXISTS `player_ball` (
  `player_no` int(11) NOT NULL,
  `pound` int(11) NOT NULL,
  KEY `FK_playerball_player` (`player_no`),
  KEY `FK_playerball_ball` (`pound`),
  CONSTRAINT `FK_player_ball_player` FOREIGN KEY (`player_no`) REFERENCES `player` (`player_no`),
  CONSTRAINT `FK_playerball_ball` FOREIGN KEY (`pound`) REFERENCES `ball` (`pound`)
) ENGINE=InnoDB DEFAULT CHARSET=utf8;

-- 테이블 데이터 bowling.player_ball:~185 rows (대략적) 내보내기
DELETE FROM `player_ball`;
/*!40000 ALTER TABLE `player_ball` DISABLE KEYS */;
INSERT INTO `player_ball` (`player_no`, `pound`) VALUES
	(1, 14),
	(2, 11),
	(3, 16),
	(4, 12),
	(5, 14),
	(6, 15),
	(7, 16),
	(8, 13),
	(9, 15),
	(10, 12),
	(11, 11),
	(12, 12),
	(13, 16),
	(14, 15),
	(15, 13),
	(16, 15),
	(17, 12),
	(18, 13),
	(19, 14),
	(20, 15),
	(21, 16),
	(22, 16),
	(23, 11),
	(24, 13),
	(25, 13),
	(26, 14),
	(27, 15),
	(28, 13),
	(29, 14),
	(30, 13),
	(31, 16),
	(32, 11),
	(33, 13),
	(34, 16),
	(35, 12),
	(36, 16),
	(37, 14),
	(38, 12),
	(39, 11),
	(40, 11),
	(41, 13),
	(42, 12),
	(43, 13),
	(44, 13),
	(45, 16),
	(46, 14),
	(47, 13),
	(48, 14),
	(49, 15),
	(50, 11),
	(51, 11),
	(52, 15),
	(53, 15),
	(54, 13),
	(55, 14),
	(56, 15),
	(57, 13),
	(58, 12),
	(59, 11),
	(60, 11),
	(61, 15),
	(62, 13),
	(63, 14),
	(64, 15),
	(65, 12),
	(66, 12),
	(67, 14),
	(68, 15),
	(69, 15),
	(70, 12),
	(71, 16),
	(72, 13),
	(73, 11),
	(74, 13),
	(75, 15),
	(76, 11),
	(77, 16),
	(78, 11),
	(79, 16),
	(80, 12),
	(81, 15),
	(82, 16),
	(83, 14),
	(84, 16),
	(85, 16),
	(86, 11),
	(87, 13),
	(88, 12),
	(89, 13),
	(90, 13),
	(91, 12),
	(92, 14),
	(93, 13),
	(94, 11),
	(95, 13),
	(96, 14),
	(97, 14),
	(98, 15),
	(99, 16),
	(100, 16),
	(101, 11),
	(102, 12),
	(103, 13),
	(104, 14),
	(105, 13),
	(106, 12),
	(107, 13),
	(108, 14),
	(109, 11),
	(110, 14),
	(111, 15),
	(112, 13),
	(113, 13),
	(114, 16),
	(115, 14),
	(116, 13),
	(117, 12),
	(118, 12),
	(119, 12),
	(120, 16),
	(121, 15),
	(122, 14),
	(123, 15),
	(124, 16),
	(125, 12),
	(126, 11),
	(127, 14),
	(128, 14),
	(129, 14),
	(130, 12),
	(131, 12),
	(132, 11),
	(133, 14),
	(134, 14),
	(135, 15),
	(136, 11),
	(137, 11),
	(138, 14),
	(139, 11),
	(140, 13),
	(141, 14),
	(142, 13),
	(143, 13),
	(144, 14),
	(145, 14),
	(146, 12),
	(147, 16),
	(148, 14),
	(149, 13),
	(150, 11),
	(151, 12),
	(152, 13),
	(153, 11),
	(154, 14),
	(155, 15),
	(156, 11),
	(157, 13),
	(158, 14),
	(159, 11),
	(160, 13),
	(161, 13),
	(162, 16),
	(163, 13),
	(164, 11),
	(165, 13),
	(166, 14),
	(167, 15),
	(168, 12),
	(169, 12),
	(170, 11),
	(171, 12),
	(172, 12),
	(173, 12),
	(174, 11),
	(175, 14),
	(176, 11),
	(177, 14),
	(178, 14),
	(179, 14),
	(180, 15),
	(181, 11),
	(182, 11),
	(183, 11),
	(184, 14),
	(185, 13);
/*!40000 ALTER TABLE `player_ball` ENABLE KEYS */;

-- 테이블 bowling.player_grip 구조 내보내기
CREATE TABLE IF NOT EXISTS `player_grip` (
  `player_no` int(11) NOT NULL,
  `grip_no` int(11) NOT NULL,
  KEY `FK_playergrab_player` (`player_no`),
  KEY `FK_playergrab_graptype` (`grip_no`),
  CONSTRAINT `FK_player_grip_grip` FOREIGN KEY (`grip_no`) REFERENCES `grip` (`grip_no`),
  CONSTRAINT `FK_player_grip_player` FOREIGN KEY (`player_no`) REFERENCES `player` (`player_no`)
) ENGINE=InnoDB DEFAULT CHARSET=utf8;

-- 테이블 데이터 bowling.player_grip:~185 rows (대략적) 내보내기
DELETE FROM `player_grip`;
/*!40000 ALTER TABLE `player_grip` DISABLE KEYS */;
INSERT INTO `player_grip` (`player_no`, `grip_no`) VALUES
	(1, 1),
	(2, 3),
	(3, 4),
	(4, 6),
	(5, 5),
	(6, 5),
	(7, 5),
	(8, 4),
	(9, 3),
	(10, 2),
	(11, 5),
	(12, 1),
	(13, 3),
	(14, 4),
	(15, 6),
	(16, 2),
	(17, 2),
	(18, 2),
	(19, 4),
	(20, 5),
	(21, 6),
	(22, 2),
	(23, 2),
	(24, 2),
	(25, 5),
	(26, 1),
	(27, 1),
	(28, 1),
	(29, 4),
	(30, 3),
	(31, 6),
	(32, 1),
	(33, 1),
	(34, 2),
	(35, 6),
	(36, 1),
	(37, 4),
	(38, 4),
	(39, 5),
	(40, 5),
	(41, 5),
	(42, 4),
	(43, 6),
	(44, 3),
	(45, 5),
	(46, 3),
	(47, 4),
	(48, 5),
	(49, 3),
	(50, 5),
	(51, 6),
	(52, 2),
	(53, 1),
	(54, 1),
	(55, 4),
	(56, 5),
	(57, 1),
	(58, 5),
	(59, 2),
	(60, 1),
	(61, 1),
	(62, 5),
	(63, 3),
	(64, 4),
	(65, 4),
	(66, 1),
	(67, 4),
	(68, 4),
	(69, 3),
	(70, 1),
	(71, 5),
	(72, 4),
	(73, 6),
	(74, 4),
	(75, 4),
	(76, 5),
	(77, 3),
	(78, 6),
	(79, 2),
	(80, 5),
	(81, 3),
	(82, 2),
	(83, 5),
	(84, 6),
	(85, 3),
	(86, 1),
	(87, 2),
	(88, 3),
	(89, 5),
	(90, 1),
	(91, 4),
	(92, 2),
	(93, 1),
	(94, 4),
	(95, 6),
	(96, 1),
	(97, 4),
	(98, 2),
	(99, 2),
	(100, 1),
	(101, 6),
	(102, 1),
	(103, 1),
	(104, 2),
	(105, 6),
	(106, 3),
	(107, 3),
	(108, 6),
	(109, 3),
	(110, 3),
	(111, 3),
	(112, 5),
	(113, 4),
	(114, 1),
	(115, 4),
	(116, 3),
	(117, 4),
	(118, 5),
	(119, 6),
	(120, 4),
	(121, 2),
	(122, 5),
	(123, 4),
	(124, 6),
	(125, 6),
	(126, 1),
	(127, 3),
	(128, 6),
	(129, 3),
	(130, 6),
	(131, 2),
	(132, 6),
	(133, 1),
	(134, 6),
	(135, 6),
	(136, 6),
	(137, 5),
	(138, 4),
	(139, 6),
	(140, 3),
	(141, 6),
	(142, 2),
	(143, 6),
	(144, 6),
	(145, 5),
	(146, 6),
	(147, 6),
	(148, 4),
	(149, 5),
	(150, 3),
	(151, 6),
	(152, 5),
	(153, 4),
	(154, 5),
	(155, 1),
	(156, 3),
	(157, 6),
	(158, 6),
	(159, 3),
	(160, 6),
	(161, 4),
	(162, 4),
	(163, 6),
	(164, 3),
	(165, 6),
	(166, 3),
	(167, 4),
	(168, 6),
	(169, 6),
	(170, 3),
	(171, 2),
	(172, 1),
	(173, 2),
	(174, 1),
	(175, 6),
	(176, 2),
	(177, 2),
	(178, 5),
	(179, 5),
	(180, 5),
	(181, 5),
	(182, 3),
	(183, 3),
	(184, 6),
	(185, 6);
/*!40000 ALTER TABLE `player_grip` ENABLE KEYS */;

-- 테이블 bowling.referee 구조 내보내기
CREATE TABLE IF NOT EXISTS `referee` (
  `referee_no` int(11) NOT NULL AUTO_INCREMENT,
  `referee_country` varchar(50) NOT NULL,
  `referee_name` varchar(50) NOT NULL,
  `referee_age` int(11) NOT NULL,
  `refree_gender` enum('M','F') NOT NULL,
  PRIMARY KEY (`referee_no`),
  KEY `FK_referee_country` (`referee_country`),
  CONSTRAINT `FK_referee_country` FOREIGN KEY (`referee_country`) REFERENCES `country` (`country_name`)
) ENGINE=InnoDB AUTO_INCREMENT=6 DEFAULT CHARSET=utf8;

-- 테이블 데이터 bowling.referee:~5 rows (대략적) 내보내기
DELETE FROM `referee`;
/*!40000 ALTER TABLE `referee` DISABLE KEYS */;
INSERT INTO `referee` (`referee_no`, `referee_country`, `referee_name`, `referee_age`, `refree_gender`) VALUES
	(1, '아랍에미리트', 'Myrah Capaldi', 56, 'M'),
	(2, '바레인', 'Stacee Marriott', 53, 'M'),
	(3, '카타르', 'Donetta Oganesian', 46, 'M'),
	(4, '싱가포르', 'Joanie Doonican', 57, 'M'),
	(5, '말레이시아', 'Robina Yonge', 49, 'F');
/*!40000 ALTER TABLE `referee` ENABLE KEYS */;

-- 테이블 bowling.stadium 구조 내보내기
CREATE TABLE IF NOT EXISTS `stadium` (
  `stadium_name` varchar(50) NOT NULL,
  `stadium_location` varchar(50) NOT NULL,
  PRIMARY KEY (`stadium_name`),
  KEY `FK_stadium_country` (`stadium_location`),
  CONSTRAINT `FK_stadium_country` FOREIGN KEY (`stadium_location`) REFERENCES `country` (`country_name`)
) ENGINE=InnoDB DEFAULT CHARSET=utf8;

-- 테이블 데이터 bowling.stadium:~19 rows (대략적) 내보내기
DELETE FROM `stadium`;
/*!40000 ALTER TABLE `stadium` DISABLE KEYS */;
INSERT INTO `stadium` (`stadium_name`, `stadium_location`) VALUES
	('서울 볼링장', '대한민국'),
	('마카오 볼링장', '마카오'),
	('쿠알라룸푸르 볼링장', '말레이시아'),
	('울란바토르 볼링장', '몽골'),
	('마나마 볼링장', '바레인'),
	('하노이 볼링장', '베트남'),
	('리야드 볼링장', '사우디아라비아'),
	('싱가포르 볼링장', '싱가포르'),
	('아부다비 볼링장', '아랍에미리트'),
	('뉴델리 볼링장', '인도'),
	('자카르타 볼링장', '인도네시아'),
	('도쿄 볼링장', '일본'),
	('베이징 볼링장', '중국'),
	('대만 볼링장', '중화 타이베이'),
	('아스타나 볼링장', '카자흐스탄'),
	('도하 볼링장', '카타르'),
	('방콕 볼링장', '태국'),
	('마닐라 볼링장', '필리핀'),
	('홍콩 볼링장', '홍콩');
/*!40000 ALTER TABLE `stadium` ENABLE KEYS */;

-- 테이블 bowling.team 구조 내보내기
CREATE TABLE IF NOT EXISTS `team` (
  `team_name` varchar(50) NOT NULL,
  `stadium_name` varchar(50) NOT NULL,
  `to_date` date NOT NULL,
  PRIMARY KEY (`team_name`),
  KEY `FK_team_stadium` (`stadium_name`),
  CONSTRAINT `FK_team_stadium` FOREIGN KEY (`stadium_name`) REFERENCES `stadium` (`stadium_name`)
) ENGINE=InnoDB DEFAULT CHARSET=utf8;

-- 테이블 데이터 bowling.team:~19 rows (대략적) 내보내기
DELETE FROM `team`;
/*!40000 ALTER TABLE `team` DISABLE KEYS */;
INSERT INTO `team` (`team_name`, `stadium_name`, `to_date`) VALUES
	('대한민국', '서울 볼링장', '2019-12-05'),
	('마카오', '마카오 볼링장', '2019-12-05'),
	('말레이시아', '쿠알라룸푸르 볼링장', '2019-12-05'),
	('몽골', '울란바토르 볼링장', '2019-12-05'),
	('바레인', '마나마 볼링장', '2019-12-05'),
	('베트남', '하노이 볼링장', '2019-12-05'),
	('사우디아라비아', '리야드 볼링장', '2019-12-05'),
	('싱가포르', '싱가포르 볼링장', '2019-12-05'),
	('아랍에미리트', '아부다비 볼링장', '2019-12-05'),
	('인도', '뉴델리 볼링장', '2019-12-05'),
	('인도네시아', '자카르타 볼링장', '2019-12-05'),
	('일본', '도쿄 볼링장', '2019-12-05'),
	('중국', '베이징 볼링장', '2019-12-05'),
	('중화 타이베이', '대만 볼링장', '2019-12-05'),
	('카자흐스탄', '아스타나 볼링장', '2019-12-05'),
	('카타르', '도하 볼링장', '2019-12-05'),
	('태국', '방콕 볼링장', '2019-12-05'),
	('필리핀', '마닐라 볼링장', '2019-12-05'),
	('홍콩', '홍콩 볼링장', '2019-12-05');
/*!40000 ALTER TABLE `team` ENABLE KEYS */;

-- 테이블 bowling.team_manager 구조 내보내기
CREATE TABLE IF NOT EXISTS `team_manager` (
  `manager_no` int(11) NOT NULL AUTO_INCREMENT,
  `team_name` varchar(50) NOT NULL,
  `manager_from_date` date NOT NULL,
  `manager_to_date` date NOT NULL,
  KEY `FK_teammanager_manager` (`manager_no`),
  KEY `FK_teammanager_team` (`team_name`),
  CONSTRAINT `FK_team_manager_manager` FOREIGN KEY (`manager_no`) REFERENCES `manager` (`manager_no`),
  CONSTRAINT `FK_team_manager_team` FOREIGN KEY (`team_name`) REFERENCES `team` (`team_name`)
) ENGINE=InnoDB AUTO_INCREMENT=20 DEFAULT CHARSET=utf8;

-- 테이블 데이터 bowling.team_manager:~19 rows (대략적) 내보내기
DELETE FROM `team_manager`;
/*!40000 ALTER TABLE `team_manager` DISABLE KEYS */;
INSERT INTO `team_manager` (`manager_no`, `team_name`, `manager_from_date`, `manager_to_date`) VALUES
	(1, '대한민국', '2015-12-06', '9999-01-01'),
	(2, '중화 타이베이', '2016-12-06', '9999-01-01'),
	(3, '싱가포르', '2017-12-06', '9999-01-01'),
	(4, '인도', '2017-12-06', '9999-01-01'),
	(5, '일본', '2018-12-06', '9999-01-01'),
	(6, '카타르', '2019-12-06', '9999-01-01'),
	(7, '사우디아라비아', '2019-12-06', '9999-01-01'),
	(8, '바레인', '2019-12-06', '9999-01-01'),
	(9, '필리핀', '2019-12-06', '9999-01-01'),
	(10, '마카오', '2019-12-06', '9999-01-01'),
	(11, '태국', '2019-12-06', '9999-01-01'),
	(12, '중국', '2019-12-06', '9999-01-01'),
	(13, '아랍에미리트', '2019-12-06', '9999-01-01'),
	(14, '카자흐스탄', '2019-12-06', '9999-01-01'),
	(15, '몽골', '2019-12-06', '9999-01-01'),
	(16, '인도네시아', '2019-12-06', '9999-01-01'),
	(17, '말레이시아', '2019-12-06', '9999-01-01'),
	(18, '베트남', '2019-12-06', '9999-01-01'),
	(19, '홍콩', '2019-12-06', '9999-01-01');
/*!40000 ALTER TABLE `team_manager` ENABLE KEYS */;

-- 테이블 bowling.team_player_contract 구조 내보내기
CREATE TABLE IF NOT EXISTS `team_player_contract` (
  `team_name` varchar(50) NOT NULL,
  `player_no` int(11) NOT NULL,
  `player_from_date` date NOT NULL,
  `player_to_date` date NOT NULL,
  `salary` int(11) NOT NULL,
  `transferfee` int(11) NOT NULL,
  KEY `FK_teamplayercontract_team` (`team_name`),
  KEY `FK_teamplayercontract_player` (`player_no`),
  CONSTRAINT `FK_team_player_contract_player` FOREIGN KEY (`player_no`) REFERENCES `player` (`player_no`),
  CONSTRAINT `FK_team_player_contract_team` FOREIGN KEY (`team_name`) REFERENCES `team` (`team_name`)
) ENGINE=InnoDB DEFAULT CHARSET=utf8;

-- 테이블 데이터 bowling.team_player_contract:~190 rows (대략적) 내보내기
DELETE FROM `team_player_contract`;
/*!40000 ALTER TABLE `team_player_contract` DISABLE KEYS */;
INSERT INTO `team_player_contract` (`team_name`, `player_no`, `player_from_date`, `player_to_date`, `salary`, `transferfee`) VALUES
	('대한민국', 1, '2001-02-03', '9999-01-01', 77143104, 106785764),
	('대한민국', 2, '2006-09-15', '9999-01-01', 78386221, 273251268),
	('대한민국', 3, '2015-02-23', '9999-01-01', 107636849, 270831475),
	('대한민국', 4, '2013-04-12', '9999-01-01', 85990850, 217100558),
	('대한민국', 5, '2017-10-13', '9999-01-01', 52108318, 193703198),
	('마카오', 6, '2015-04-06', '9999-01-01', 110272021, 216015032),
	('마카오', 7, '2000-05-05', '9999-01-01', 65870363, 44563271),
	('마카오', 8, '2003-04-18', '9999-01-01', 107341680, 143218760),
	('마카오', 9, '2014-02-20', '9999-01-01', 149384208, 72604657),
	('마카오', 10, '2019-04-02', '9999-01-01', 146428387, 170451137),
	('말레이시아', 11, '2010-05-22', '9999-01-01', 123442190, 58727129),
	('말레이시아', 12, '2018-08-31', '9999-01-01', 103695887, 170165680),
	('말레이시아', 13, '2003-08-22', '9999-01-01', 86724495, 276301806),
	('말레이시아', 14, '2007-03-15', '9999-01-01', 52635532, 161319068),
	('말레이시아', 15, '2005-03-28', '9999-01-01', 50316711, 205642828),
	('몽골', 16, '2003-04-07', '9999-01-01', 52166406, 26858608),
	('몽골', 17, '2011-01-22', '9999-01-01', 145481334, 106857183),
	('몽골', 18, '2014-01-13', '9999-01-01', 139950361, 184878032),
	('몽골', 19, '2018-03-20', '9999-01-01', 139211456, 224176093),
	('몽골', 20, '2019-09-13', '9999-01-01', 102963149, 25459586),
	('바레인', 21, '2008-05-17', '9999-01-01', 86735577, 241005543),
	('바레인', 22, '2019-09-10', '9999-01-01', 130304517, 223434617),
	('바레인', 23, '2012-10-12', '9999-01-01', 73507067, 61482030),
	('바레인', 24, '2009-05-15', '9999-01-01', 88594942, 62614645),
	('바레인', 25, '2016-02-13', '9999-01-01', 101413854, 275990120),
	('베트남', 26, '2006-02-10', '9999-01-01', 74223331, 111310485),
	('베트남', 27, '2017-04-21', '9999-01-01', 91051634, 242030582),
	('베트남', 28, '2001-01-03', '9999-01-01', 112571775, 150643166),
	('베트남', 29, '2008-01-31', '9999-01-01', 72629540, 106993996),
	('베트남', 30, '2017-01-24', '9999-01-01', 83209152, 44333229),
	('사우디아라비아', 31, '2010-03-27', '9999-01-01', 102820353, 106379959),
	('사우디아라비아', 32, '2007-09-17', '9999-01-01', 50186692, 215259892),
	('사우디아라비아', 33, '2002-10-01', '9999-01-01', 78679607, 40481592),
	('사우디아라비아', 34, '2002-10-20', '9999-01-01', 58832053, 39228393),
	('사우디아라비아', 35, '2004-12-26', '9999-01-01', 137310663, 298262731),
	('싱가포르', 36, '2008-11-27', '9999-01-01', 80416589, 108122174),
	('싱가포르', 37, '2009-02-14', '9999-01-01', 79188154, 33691965),
	('싱가포르', 38, '2017-02-19', '9999-01-01', 141768462, 105523815),
	('싱가포르', 39, '2012-09-10', '9999-01-01', 101867338, 187447092),
	('싱가포르', 40, '2012-09-11', '9999-01-01', 99181003, 143379539),
	('아랍에미리트', 41, '2019-09-15', '9999-01-01', 115631262, 177908687),
	('아랍에미리트', 42, '2000-02-23', '9999-01-01', 125084073, 250936924),
	('아랍에미리트', 43, '2003-03-01', '9999-01-01', 56507151, 292113150),
	('아랍에미리트', 44, '2003-09-06', '9999-01-01', 125903785, 259633709),
	('아랍에미리트', 45, '2016-12-12', '9999-01-01', 127560017, 98118536),
	('인도', 46, '2002-03-10', '9999-01-01', 108429508, 143505236),
	('인도', 47, '2016-04-29', '9999-01-01', 147563979, 163274615),
	('인도', 48, '2007-09-15', '9999-01-01', 59912255, 108004097),
	('인도', 49, '2019-02-13', '9999-01-01', 117253276, 103896150),
	('인도', 50, '2000-02-26', '9999-01-01', 108210609, 117431551),
	('인도네시아', 51, '2002-05-19', '9999-01-01', 78060546, 40151773),
	('인도네시아', 52, '2017-05-17', '9999-01-01', 112185971, 229537859),
	('인도네시아', 53, '2006-08-23', '9999-01-01', 57887498, 216029407),
	('인도네시아', 54, '2007-05-27', '9999-01-01', 58874833, 284581746),
	('인도네시아', 55, '2003-10-01', '9999-01-01', 122993406, 289969761),
	('일본', 56, '2013-03-05', '9999-01-01', 122622867, 147561566),
	('일본', 57, '2002-04-12', '9999-01-01', 79916507, 279276829),
	('일본', 58, '2014-06-15', '9999-01-01', 115143279, 214960171),
	('일본', 59, '2019-02-06', '9999-01-01', 122316129, 298490477),
	('일본', 60, '2015-07-30', '9999-01-01', 134531032, 128044327),
	('중국', 61, '2004-06-19', '9999-01-01', 128658189, 295693688),
	('중국', 62, '2000-05-15', '9999-01-01', 92152042, 130655354),
	('중국', 63, '2010-10-02', '9999-01-01', 96375964, 52000809),
	('중국', 64, '2018-03-21', '9999-01-01', 95849972, 52752024),
	('중국', 65, '2014-05-16', '9999-01-01', 133237727, 94664535),
	('중화 타이베이', 66, '2011-02-08', '9999-01-01', 143757260, 106562557),
	('중화 타이베이', 67, '2010-05-22', '9999-01-01', 115692190, 197123871),
	('중화 타이베이', 68, '2014-04-26', '9999-01-01', 108440189, 45551797),
	('중화 타이베이', 69, '2017-12-05', '9999-01-01', 143158273, 175314485),
	('중화 타이베이', 70, '2016-04-11', '9999-01-01', 58335465, 199311039),
	('카자흐스탄', 71, '2000-01-29', '9999-01-01', 62775710, 60337258),
	('카자흐스탄', 72, '2011-10-28', '9999-01-01', 85199548, 105510993),
	('카자흐스탄', 73, '2008-09-23', '9999-01-01', 97899721, 139266875),
	('카자흐스탄', 74, '2019-08-08', '9999-01-01', 57920888, 25156605),
	('카자흐스탄', 75, '2017-05-28', '9999-01-01', 104545922, 88720964),
	('카타르', 76, '2012-07-06', '9999-01-01', 120765641, 211621655),
	('카타르', 77, '2015-10-25', '9999-01-01', 141802499, 269744928),
	('카타르', 78, '2001-10-27', '9999-01-01', 125662291, 267851217),
	('카타르', 79, '2004-03-07', '9999-01-01', 122132339, 263114523),
	('카타르', 80, '2018-03-30', '9999-01-01', 57579536, 217645747),
	('태국', 81, '2013-03-04', '9999-01-01', 82237807, 95726487),
	('태국', 82, '2013-08-21', '9999-01-01', 66392339, 92735079),
	('태국', 83, '2015-07-29', '9999-01-01', 55567131, 217927151),
	('태국', 84, '2016-08-29', '9999-01-01', 69448444, 165928321),
	('태국', 85, '2001-05-09', '9999-01-01', 75700045, 163615410),
	('필리핀', 86, '2003-01-25', '9999-01-01', 128898110, 197959288),
	('필리핀', 87, '2013-03-30', '9999-01-01', 123569621, 245976362),
	('필리핀', 88, '2000-10-12', '9999-01-01', 143023709, 120200935),
	('필리핀', 89, '2003-11-21', '9999-01-01', 100729857, 192444959),
	('필리핀', 90, '2010-02-24', '9999-01-01', 56871742, 140016461),
	('홍콩', 91, '2009-12-03', '9999-01-01', 131587636, 107860169),
	('홍콩', 92, '2014-08-25', '9999-01-01', 65536026, 190931147),
	('홍콩', 93, '2009-01-08', '9999-01-01', 121323303, 20377982),
	('홍콩', 94, '2014-04-28', '9999-01-01', 132461728, 165297103),
	('홍콩', 95, '2007-09-12', '9999-01-01', 96297532, 277575684),
	('대한민국', 96, '2010-09-29', '9999-01-01', 138006297, 38457224),
	('대한민국', 97, '2002-02-17', '9999-01-01', 95148736, 81519012),
	('대한민국', 98, '2012-11-20', '9999-01-01', 69719414, 105580132),
	('대한민국', 99, '2014-05-04', '9999-01-01', 136536012, 114799982),
	('대한민국', 100, '2000-09-10', '9999-01-01', 147774571, 39428528),
	('마카오', 101, '2006-10-21', '9999-01-01', 54001494, 66251671),
	('마카오', 102, '2009-06-17', '9999-01-01', 118268571, 129847238),
	('마카오', 103, '2008-06-03', '9999-01-01', 139563762, 238544536),
	('마카오', 104, '2004-06-24', '9999-01-01', 95293660, 76045653),
	('마카오', 105, '2014-07-16', '9999-01-01', 67050129, 280188746),
	('말레이시아', 106, '2018-07-20', '9999-01-01', 52972477, 158733439),
	('말레이시아', 107, '2002-02-07', '9999-01-01', 69207586, 36560231),
	('말레이시아', 108, '2009-03-12', '9999-01-01', 112746802, 231005370),
	('말레이시아', 109, '2000-10-21', '9999-01-01', 102597395, 236023173),
	('말레이시아', 110, '2017-04-15', '9999-01-01', 124072694, 225791739),
	('몽골', 111, '2004-09-28', '9999-01-01', 136022144, 153111219),
	('몽골', 112, '2002-02-01', '9999-01-01', 126932652, 133890825),
	('몽골', 113, '2013-06-23', '9999-01-01', 74230013, 215419962),
	('몽골', 114, '2004-06-30', '9999-01-01', 86490516, 167843030),
	('몽골', 115, '2004-05-25', '9999-01-01', 140272964, 102942069),
	('바레인', 116, '2011-01-16', '9999-01-01', 113248670, 38865083),
	('바레인', 117, '2003-06-22', '9999-01-01', 96347774, 91030922),
	('바레인', 118, '2013-09-24', '9999-01-01', 126723691, 67002358),
	('바레인', 119, '2011-12-17', '9999-01-01', 147172588, 91663873),
	('바레인', 120, '2006-01-20', '9999-01-01', 58466241, 235256777),
	('베트남', 121, '2011-06-06', '9999-01-01', 95696700, 236820239),
	('베트남', 122, '2015-04-13', '9999-01-01', 107124932, 136444925),
	('베트남', 123, '2007-03-22', '9999-01-01', 130332398, 219169954),
	('베트남', 124, '2016-02-12', '9999-01-01', 116702570, 275180527),
	('베트남', 125, '2017-05-21', '9999-01-01', 147481717, 195132788),
	('사우디아라비아', 126, '2018-06-03', '9999-01-01', 75281455, 123107735),
	('사우디아라비아', 127, '2016-05-14', '9999-01-01', 65845684, 84925808),
	('사우디아라비아', 128, '2009-11-30', '9999-01-01', 75037747, 67162762),
	('사우디아라비아', 129, '2003-10-16', '9999-01-01', 95021200, 277951498),
	('사우디아라비아', 130, '2008-05-12', '9999-01-01', 141400357, 160927392),
	('싱가포르', 131, '2007-03-13', '9999-01-01', 74055905, 39755572),
	('싱가포르', 132, '2014-07-26', '9999-01-01', 94583944, 273518501),
	('싱가포르', 133, '2014-11-22', '9999-01-01', 132482547, 44414903),
	('싱가포르', 134, '2017-06-30', '9999-01-01', 58058875, 226827614),
	('싱가포르', 135, '2013-07-31', '9999-01-01', 123887519, 238448827),
	('아랍에미리트', 136, '2018-06-30', '9999-01-01', 127030233, 156721184),
	('아랍에미리트', 137, '2016-10-06', '9999-01-01', 109371533, 185484146),
	('아랍에미리트', 138, '2010-04-16', '9999-01-01', 62925759, 200991405),
	('아랍에미리트', 139, '2000-02-05', '9999-01-01', 55428868, 258204734),
	('아랍에미리트', 140, '2007-04-23', '9999-01-01', 50845328, 81769901),
	('인도', 141, '2000-10-14', '9999-01-01', 89451363, 164151429),
	('인도', 142, '2016-09-21', '9999-01-01', 137906025, 150592211),
	('인도', 143, '2014-04-22', '9999-01-01', 98459703, 201225658),
	('인도', 144, '2000-12-08', '9999-01-01', 90937205, 153386500),
	('인도', 145, '2010-10-27', '9999-01-01', 74474606, 201435622),
	('인도네시아', 146, '2003-01-21', '9999-01-01', 109560054, 187509734),
	('인도네시아', 147, '2015-01-20', '9999-01-01', 131134091, 132313214),
	('인도네시아', 148, '2010-03-04', '9999-01-01', 141407462, 130975027),
	('인도네시아', 149, '2015-08-28', '9999-01-01', 117542663, 56467104),
	('인도네시아', 150, '2009-03-13', '9999-01-01', 123093370, 130344186),
	('일본', 151, '2006-05-11', '9999-01-01', 63955684, 30269623),
	('일본', 152, '2007-12-29', '9999-01-01', 148284306, 217027648),
	('일본', 153, '2000-01-29', '9999-01-01', 87789951, 258478958),
	('일본', 154, '2006-05-22', '9999-01-01', 110248736, 73343292),
	('일본', 155, '2019-03-03', '9999-01-01', 134307933, 240859945),
	('중국', 156, '2018-11-01', '9999-01-01', 102746978, 152569758),
	('중국', 157, '2004-04-21', '9999-01-01', 132261743, 288404578),
	('중국', 158, '2013-07-14', '9999-01-01', 96874306, 60255273),
	('중국', 159, '2001-08-07', '9999-01-01', 135734700, 187331380),
	('중국', 160, '2006-08-08', '9999-01-01', 127186174, 52738265),
	('중화 타이베이', 161, '2019-05-10', '9999-01-01', 52098863, 297749426),
	('중화 타이베이', 162, '2013-10-02', '9999-01-01', 74651159, 126630455),
	('중화 타이베이', 163, '2006-09-27', '9999-01-01', 136229084, 131923883),
	('중화 타이베이', 164, '2010-02-25', '9999-01-01', 56550287, 105848570),
	('중화 타이베이', 165, '2005-07-10', '9999-01-01', 146550002, 90060905),
	('카자흐스탄', 166, '2014-06-15', '9999-01-01', 80445080, 170877869),
	('카자흐스탄', 167, '2010-11-23', '9999-01-01', 72627363, 217255349),
	('카자흐스탄', 168, '2005-02-24', '9999-01-01', 115490573, 85178881),
	('카자흐스탄', 169, '2012-05-09', '9999-01-01', 145382935, 278154562),
	('카자흐스탄', 170, '2019-08-30', '9999-01-01', 65864493, 221865558),
	('카타르', 171, '2001-12-29', '9999-01-01', 101590199, 58531685),
	('카타르', 172, '2015-03-10', '9999-01-01', 81491082, 95195918),
	('카타르', 173, '2018-11-21', '9999-01-01', 62906214, 90414859),
	('카타르', 174, '2013-08-15', '9999-01-01', 125908048, 245345138),
	('카타르', 175, '2019-01-14', '9999-01-01', 87182506, 45408068),
	('태국', 176, '2015-04-01', '9999-01-01', 53619034, 81429128),
	('태국', 177, '2001-01-02', '9999-01-01', 92480243, 168757588),
	('태국', 178, '2007-01-10', '9999-01-01', 122571993, 78575089),
	('태국', 179, '2016-07-18', '9999-01-01', 55930295, 150369641),
	('태국', 180, '2003-04-18', '9999-01-01', 130697504, 214460846),
	('필리핀', 181, '2002-11-20', '9999-01-01', 93704191, 268726294),
	('필리핀', 182, '2014-12-26', '9999-01-01', 115043799, 100915032),
	('필리핀', 183, '2004-03-27', '9999-01-01', 69627855, 136389429),
	('필리핀', 184, '2004-04-24', '9999-01-01', 147358170, 188186549),
	('필리핀', 185, '2014-01-05', '9999-01-01', 142440679, 179041857),
	('홍콩', 186, '2019-12-06', '9999-01-01', 144732203, 210969259),
	('홍콩', 187, '2019-12-06', '9999-01-01', 82024891, 104995716),
	('홍콩', 188, '2019-12-06', '9999-01-01', 80280016, 150233709),
	('홍콩', 189, '2019-12-06', '9999-01-01', 95575085, 182479573),
	('홍콩', 190, '2019-12-06', '9999-01-01', 132874792, 147529538);
/*!40000 ALTER TABLE `team_player_contract` ENABLE KEYS */;

/*!40101 SET SQL_MODE=IFNULL(@OLD_SQL_MODE, '') */;
/*!40014 SET FOREIGN_KEY_CHECKS=IF(@OLD_FOREIGN_KEY_CHECKS IS NULL, 1, @OLD_FOREIGN_KEY_CHECKS) */;
/*!40101 SET CHARACTER_SET_CLIENT=@OLD_CHARACTER_SET_CLIENT */;
